W	open-answer-c1o-rebut-tone-police	openAnswers	Because a clumsy tone can sit on a sound point. I'll own the tone and I won't surrender the point with it.	Porque un tono torpe puede cargar un punto sano. Asumiré el tono y no entregaré el punto con él.
W	open-question-c1o-rebut-both-true	openQuestions	Why can both of those things be true?	¿Por qué pueden ser verdaderas las dos cosas?
W	open-answer-c1o-rebut-both-true	openAnswers	Because they sit at different levels and don't cancel. I'd stop forcing a single winner.	Porque habitan niveles distintos y no se anulan. Dejaría de forzar un solo ganador.
W	open-question-c1o-rebut-false-choice	openQuestions	Why is that a false choice?	¿Por qué es una falsa elección?
W	open-answer-c1o-rebut-false-choice	openAnswers	Because a third path is still open and hasn't been costed. I'd put the third path on the paper.	Porque un tercer camino sigue abierto y no se ha tasado. Lo pondría en el papel.
W	open-question-c1o-rebut-authority	openQuestions	Why does that title not settle it?	¿Por qué ese cargo no lo zanja?
W	open-answer-c1o-rebut-authority	openAnswers	Because a title is not a demonstration. I'd ask for the page, not the letterhead.	Porque un cargo no es una demostración. Pediría la página, no el membrete.
W	open-question-c1o-rebut-new-fact	openQuestions	What new fact would actually move you?	¿Qué hecho nuevo lo movería de verdad?
W	open-answer-c1o-rebut-new-fact	openAnswers	A count from the missing window. Another speech from the same file will not.	Un recuento de la ventana que falta. Otro discurso del mismo expediente no lo hará.
W	open-question-c1o-rebut-burden	openQuestions	Who actually has the burden here?	¿Quién carga de verdad aquí?
W	open-answer-c1o-rebut-burden	openAnswers	The side that wants to change a working default. I wouldn't make the default prove itself every week.	Quien quiere cambiar un valor por defecto que funciona. No haría que el defecto se pruebe cada semana.
W	open-question-c1o-rebut-slippery	openQuestions	Where does that slope actually stop?	¿Dónde para de verdad esa pendiente?
W	open-answer-c1o-rebut-slippery	openAnswers	It stops at the criterion we already wrote down. I'd use that criterion instead of a parade of horrors.	Para en el criterio que ya escribimos. Usaría ese criterio en vez de un desfile de horrores.
W	open-question-c1o-rebut-whatabout	openQuestions	Why is that not an answer to this file?	¿Por qué no es una respuesta a este expediente?
W	open-answer-c1o-rebut-whatabout	openAnswers	Because another file can be bad without this one being good. I'd keep the two files on two pages.	Porque otro expediente puede ser malo sin que este sea bueno. Guardaría los dos expedientes en dos páginas.
W	open-question-c1o-rebut-definition	openQuestions	Which definition are you using that I am not?	¿Qué definición usa usted que yo no uso?
W	open-answer-c1o-rebut-definition	openAnswers	You're using a success definition we never agreed. I'd go back to the one in the terms we set.	Usa una definición de éxito que nunca acordamos. Volvería a la de los términos que fijamos.
W	open-question-c1o-rebut-time-window	openQuestions	Why does that comparison fail on the window?	¿Por qué falla esa comparación en la ventana?
W	open-answer-c1o-rebut-time-window	openAnswers	Because one series is a year and the other is a quarter dressed as a year. I'd annualise or refuse the chart.	Porque una serie es un año y la otra un trimestre vestido de año. Anualizaría o rechazaría el gráfico.
W	open-question-c1o-rebut-n	openQuestions	Why is that n too small for the verb?	¿Por qué ese n es demasiado pequeño para el verbo?
W	open-answer-c1o-rebut-n	openAnswers	Because the verb claims a population and the n is a handful. I'd change the verb or grow the n.	Porque el verbo pretende una población y el n es un puñado. Cambiaría el verbo o haría crecer el n.
W	open-question-c1o-rebut-confound	openQuestions	What confound is still sitting in the room?	¿Qué confusor sigue en la sala?
W	open-answer-c1o-rebut-confound	openAnswers	The hiring freeze that hit one arm and not the other. I wouldn't call the gap a treatment until that is boxed.	La congelación de contrataciones que golpeó un brazo y no el otro. No llamaría al desfase un tratamiento hasta acotarlo.
W	open-question-c1o-rebut-missing-arm	openQuestions	Where is the comparison arm?	¿Dónde está el brazo de comparación?
W	open-answer-c1o-rebut-missing-arm	openAnswers	It's missing, and a before-after is being sold as a trial. I'd say so in the first line.	Falta, y se vende un antes-después como un ensayo. Lo diría en la primera línea.
W	open-question-c1o-rebut-proxy	openQuestions	Why is that a poor proxy?	¿Por qué es un mal proxy?
W	open-answer-c1o-rebut-proxy	openAnswers	Because it moves when the thing we care about does not. I'd pick a proxy that shares the same failures, or none.	Porque se mueve cuando lo que nos importa no. Elegiría un proxy que comparta los mismos fallos, o ninguno.
W	open-question-c1o-rebut-average	openQuestions	What does the average hide here?	¿Qué esconde la media aquí?
W	open-answer-c1o-rebut-average	openAnswers	A split that makes the average a place nobody lives. I'd show the split first.	Una grieta que hace de la media un sitio donde nadie vive. Mostraría primero la grieta.
W	open-question-c1o-rebut-last-year	openQuestions	Why is last year the wrong baseline?	¿Por qué el año pasado es la base equivocada?
W	open-answer-c1o-rebut-last-year	openAnswers	Because last year was the shock year. I'd use the three-year median or say why I can't.	Porque el año pasado fue el año del susto. Usaría la mediana de tres años o diría por qué no puedo.
W	open-question-c1o-rebut-legal-tone	openQuestions	Why is that a legal answer to a design question?	¿Por qué es una respuesta jurídica a una pregunta de diseño?
W	open-answer-c1o-rebut-legal-tone	openAnswers	Because it tells us what we may do, not what we should do. I'd keep the legal note and still ask for a design.	Porque dice lo que podemos hacer, no lo que deberíamos. Guardaría la nota jurídica y seguiría pidiendo un diseño.
W	open-question-c1o-rebut-process	openQuestions	Why is a clean process not the same as a good outcome?	¿Por qué un proceso limpio no es lo mismo que un buen resultado?
W	open-answer-c1o-rebut-process	openAnswers	Because a process can be followed and still point at the wrong target. I'd score the target, not only the notes.	Porque se puede seguir un proceso y apuntar aún al blanco equivocado. Puntuaría el blanco, no solo las notas.
W	open-question-c1o-rebut-survey	openQuestions	Why does that satisfaction score not close the case?	¿Por qué esa nota de satisfacción no cierra el caso?
W	open-answer-c1o-rebut-survey	openAnswers	Because the people who left are not in the score. I'd put attrition next to the smile.	Porque quienes se fueron no están en la nota. Pondría la merma junto a la sonrisa.
W	open-question-c1o-rebut-pilot	openQuestions	Why isn't one good trial a green light to copy it everywhere?	¿Por qué un buen ensayo no es luz verde para copiarlo en todas partes?
W	open-answer-c1o-rebut-pilot	openAnswers	Because the trial had staffing the roll-out will not have. I'd cost the real staffing before we copy it.	Porque el ensayo tuvo un personal que el despliegue no tendrá. Tasaría el personal real antes de copiarlo.
W	open-question-c1o-rebut-benchmark	openQuestions	Why is that benchmark the wrong club?	¿Por qué ese referente es el club equivocado?
W	open-answer-c1o-rebut-benchmark	openAnswers	Because it mixes sites that do a different job. I'd pick a club that shares the job, even if the numbers look less kind.	Porque mezcla sitios que hacen otro oficio. Elegiría un club que comparta el oficio, aunque los números se vean menos amables.
W	open-question-c1o-rebut-qual-quote	openQuestions	Why does that quotation not speak for the file?	¿Por qué esa cita no habla por el expediente?
W	open-answer-c1o-rebut-qual-quote	openAnswers	Because it was chosen for colour and we have no sense of how common it is. I'd put a count beside it or drop it.	Porque se eligió por el color y no sabemos qué tan común es. Pondría un recuento al lado o la soltaría.
W	open-question-c1o-rebut-model-fit	openQuestions	Why is a high fit not a good model?	¿Por qué un ajuste alto no es un buen modelo?
W	open-answer-c1o-rebut-model-fit	openAnswers	Because it may have memorised noise. I'd ask how it does on a year it hasn't seen.	Porque puede haber memorizado ruido. Preguntaría cómo le va en un año que no ha visto.
W	open-question-c1o-rebut-risk-register	openQuestions	Why is a full risk register not the same as control?	¿Por qué un registro de riesgos lleno no es lo mismo que control?
W	open-answer-c1o-rebut-risk-register	openAnswers	Because a list of worries is not an owner and a date. I'd ask who does what by when.	Porque una lista de inquietudes no es un dueño y una fecha. Preguntaría quién hace qué para cuándo.
W	open-question-c1o-rebut-lessons	openQuestions	Why is a lessons-learned note not evidence we learned?	¿Por qué una nota de lecciones no es prueba de que aprendimos?
W	open-answer-c1o-rebut-lessons	openAnswers	Because it can be filed and never change the next design. I'd ask what in the next design is different.	Porque se puede archivar y no cambiar el próximo diseño. Preguntaría qué hay de distinto en el próximo diseño.
W	open-question-c1o-rebut-consensus	openQuestions	Why is consensus the wrong test here?	¿Por qué el consenso es la prueba equivocada aquí?
W	open-answer-c1o-rebut-consensus	openAnswers	Because the room can agree and still be early. I'd rather be precise than unanimous.	Porque la sala puede coincidir y seguir yendo temprana. Preferiría ser preciso a ser unánime.
W	open-question-c1o-rebut-urgency	openQuestions	Why is urgency not an argument?	¿Por qué la urgencia no es un argumento?
W	open-answer-c1o-rebut-urgency	openAnswers	Because a short fuse doesn't make a thin file thick. I'd keep the date and still ask for the missing page.	Porque una mecha corta no espesa un expediente flaco. Guardaría la fecha y seguiría pidiendo la página que falta.
W	open-question-c1o-rebut-optics	openQuestions	Why is optics the wrong lead?	¿Por qué la imagen es la entradilla equivocada?
W	open-answer-c1o-rebut-optics	openAnswers	Because it asks how it looks before asking whether it's true. I'd reverse those questions.	Porque pregunta cómo se ve antes de preguntar si es verdad. Invertiría esas preguntas.
W	open-question-c1o-rebut-precedent	openQuestions	Why does that precedent not bind us?	¿Por qué ese precedente no nos vincula?
W	open-answer-c1o-rebut-precedent	openAnswers	Because the facts that did the work there are not here. I'd name the missing fact instead of waving the case.	Porque los hechos que allí trabajaron no están aquí. Nombraría el hecho que falta en vez de agitar el caso.
W	open-question-c1o-rebut-compromise	openQuestions	Why is splitting the difference not a decision?	¿Por qué partir la diferencia no es una decisión?
W	open-answer-c1o-rebut-compromise	openAnswers	Because it can leave both sides with a plan that cannot run. I'd pick a runnable plan even if it looks less even.	Porque puede dejar a ambos lados con un plan que no puede correr. Elegiría un plan ejecutable aunque se vea menos equitativo.
W	open-question-c1o-rebut-more-data	openQuestions	Why is more data not the answer this week?	¿Por qué más datos no es la respuesta esta semana?
W	open-answer-c1o-rebut-more-data	openAnswers	Because we already have the datum that would decide and we're not using it. I'd use it before we commission another pull.	Porque ya tenemos el dato que decidiría y no lo estamos usando. Lo usaría antes de encargar otra extracción.
W	open-question-c1o-rebut-pilot-fail	openQuestions	Why does one failed pilot not kill the idea?	¿Por qué un piloto fallido no mata la idea?
W	open-answer-c1o-rebut-pilot-fail	openAnswers	Because the failure was of staffing, not of the mechanism. I'd rerun with the staffing the design assumed.	Porque el fallo fue de personal, no de mecanismo. Lo repetiría con el personal que el diseño daba por hecho.
W	open-question-c1o-rebut-complexity	openQuestions	Why is complexity not a virtue here?	¿Por qué la complejidad no es una virtud aquí?
W	open-answer-c1o-rebut-complexity	openAnswers	Because it's hiding a choice we haven't owned. I'd make the choice visible and then simplify.	Porque esconde una elección que no hemos firmado. Haría visible la elección y luego simplificaría.
W	open-question-c1o-rebut-metric	openQuestions	Why is that metric teaching the wrong behaviour?	¿Por qué esa métrica enseña la conducta equivocada?
W	open-answer-c1o-rebut-metric	openAnswers	Because people can hit it by thinning the thing we actually want. I'd change the metric or add the missing one.	Porque se puede cumplir adelgazando lo que de verdad queremos. Cambiaría la métrica o añadiría la que falta.
W	open-question-c1o-rebut-anonymity	openQuestions	Why does anonymity not make that comment weightless?	¿Por qué el anonimato no deja sin peso ese comentario?
W	open-answer-c1o-rebut-anonymity	openAnswers	Because it can still be checked against the file. I'd check it rather than discard it for lacking a name.	Porque aún se puede cotejar con el expediente. Lo cotejaría en vez de desecharlo por no tener nombre.
W	open-question-c1o-rebut-late	openQuestions	Why is late not the same as wrong?	¿Por qué tarde no es lo mismo que falso?
W	open-answer-c1o-rebut-late	openAnswers	Because a late paper can still be the paper we need. I'd score the substance and separately score the lateness.	Porque un papel tardío puede ser aún el papel que necesitamos. Puntuaría el fondo y, aparte, la tardanza.
W	open-question-c1o-rebut-popular	openQuestions	Why is popularity a poor guide this time?	¿Por qué la popularidad es una mala guía esta vez?
W	open-answer-c1o-rebut-popular	openAnswers	Because the popular option is the one that postpones the cost. I'd put the cost on the same slide as the applause.	Porque la opción popular es la que aplaza el coste. Pondría el coste en la misma diapositiva que los aplausos.
W	open-question-c1o-rebut-history	openQuestions	Why does 'we have always done it' not close it?	¿Por qué «siempre se ha hecho así» no lo cierra?
W	open-answer-c1o-rebut-history	openAnswers	Because a habit is not a test. I'd ask what the habit was for and whether that job still exists.	Porque una costumbre no es una prueba. Preguntaría para qué servía y si ese oficio aún existe.
W	open-question-c1o-rebut-innovation	openQuestions	Why is novelty not a reason to adopt it?	¿Por qué la novedad no es razón para adoptarlo?
W	open-answer-c1o-rebut-innovation	openAnswers	Because new can be worse in a quieter way. I'd ask for a job it does that the old tool does not.	Porque lo nuevo puede ser peor de un modo más callado. Pediría un oficio que haga y que la herramienta vieja no haga.
W	open-question-c1o-rebut-cost-cut	openQuestions	Why is a cheaper option not automatically better?	¿Por qué una opción más barata no es automáticamente mejor?
W	open-answer-c1o-rebut-cost-cut	openAnswers	Because it can move the cost out of this budget and into the next incident. I'd show the incident cost on the same page.	Porque puede mover el coste de este presupuesto al próximo incidente. Mostraría el coste del incidente en la misma página.
W	open-question-c1o-rebut-pilot-success	openQuestions	Why should we not scale on a single good year?	¿Por qué no generalizar con un solo año bueno?
W	open-answer-c1o-rebut-pilot-success	openAnswers	Because one year can be weather. I'd wait for a second year or say we are gambling.	Porque un año puede ser el tiempo. Esperaría un segundo año o diría que estamos apostando.
W	open-question-c1o-rebut-equity-slide	openQuestions	Why does that fairness slide not do the work?	¿Por qué esa diapositiva de equidad no hace el trabajo?
W	open-answer-c1o-rebut-equity-slide	openAnswers	Because it reports an intention and not a distribution. I'd show who actually received the hours.	Porque informa una intención y no una distribución. Mostraría quién recibió de verdad las horas.
W	open-question-c1o-rebut-consultation	openQuestions	Why is a consultation not consent?	¿Por qué una consulta no es un consentimiento?
W	open-answer-c1o-rebut-consultation	openAnswers	Because being asked is not the same as being able to refuse. I'd say who could actually say no.	Porque que le pregunten a uno no es poder negarse. Diría quién podía decir que no de verdad.
W	open-question-c1o-rebut-transparency	openQuestions	Why is publishing the pack not the same as being understood?	¿Por qué publicar el paquete no es lo mismo que ser entendido?
W	open-answer-c1o-rebut-transparency	openAnswers	Because a dump is not an explanation. I'd write the two-page version for the people who will live with it.	Porque un volcado no es una explicación. Escribiría la versión de dos páginas para quienes tendrán que vivir con ello.
W	open-question-c1o-rebut-apology	openQuestions	Why is an apology not a remedy?	¿Por qué una disculpa no es un remedio?
W	open-answer-c1o-rebut-apology	openAnswers	Because it doesn't restore the hour or the place that was lost. I'd pair the apology with the repair.	Porque no devuelve la hora ni el puesto perdidos. Emparejaría la disculpa con la reparación.
W	open-question-c1o-rebut-listening	openQuestions	Why is 'we hear you' not an answer?	¿Por qué «le oímos» no es una respuesta?
W	open-answer-c1o-rebut-listening	openAnswers	Because it can be a way of ending the turn without moving a fact. I'd say what, if anything, will change.	Porque puede cerrar el turno sin mover un hecho. Diría qué, si algo, va a cambiar.
W	open-question-c1o-rebut-balance	openQuestions	Why is 'balanced' the wrong praise?	¿Por qué «equilibrado» es el elogio equivocado?
W	open-answer-c1o-rebut-balance	openAnswers	Because it can mean we split the difference between a fact and a wish. I'd rather be accurate than symmetrical.	Porque puede significar que partimos la diferencia entre un hecho y un deseo. Preferiría ser exacto a ser simétrico.
W	open-question-c1o-rebut-future-proof	openQuestions	Why is future-proofing a slogan here?	¿Por qué a prueba de futuro es un lema aquí?
W	open-answer-c1o-rebut-future-proof	openAnswers	Because it's being used to justify a cost with no scenario attached. I'd attach two scenarios or drop the slogan.	Porque se usa para justificar un coste sin escenario. Adjuntaría dos escenarios o soltaría el lema.
W	open-question-c1o-rebut-one-number	openQuestions	Why should we refuse to brief a single number?	¿Por qué negarnos a informar un solo número?
W	open-answer-c1o-rebut-one-number	openAnswers	Because the single number is an average of unlike things. I'd brief the split or refuse the slot.	Porque el número único es una media de cosas distintas. Informaría la grieta o rechazaría la franja.
W	open-question-c1o-rebut-workshopped	openQuestions	Why is a workshopped sentence not safer?	¿Por qué una frase de taller no es más segura?
W	open-answer-c1o-rebut-workshopped	openAnswers	Because a room can sand off the only true clause. I'd put the true clause back even if it's uglier.	Porque una sala puede lijar la única cláusula verdadera. Volvería a poner la cláusula verdadera aunque sea más fea.
W	open-question-c1o-rebut-chatham	openQuestions	Why doesn't 'this stays in the room' let you leak that?	¿Por qué «esto se queda en la sala» no autoriza esa filtración?
W	open-answer-c1o-rebut-chatham	openAnswers	Because the rule protects the person who spoke, not a later paraphrase in a newspaper. I'd still treat the source as off the record.	Porque la regla protege a quien habló, no una paráfrasis ulterior en un periódico. Seguiría tratando la fuente como confidencial.
W	open-question-c1o-rebut-minutes-lean	openQuestions	Why shouldn't the notes record a lean as a vote?	¿Por qué las notas no deben consignar una inclinación como un voto?
W	open-answer-c1o-rebut-minutes-lean	openAnswers	Because a lean can be withdrawn after a night's sleep. I'd record a lean as a lean.	Porque una inclinación puede retirarse después de una noche. Consignaría una inclinación como una inclinación.
W	open-question-c1o-rebut-parking-lot	openQuestions	Why is the parking lot being used as a grave?	¿Por qué el aparcamiento se usa como tumba?
W	open-answer-c1o-rebut-parking-lot	openAnswers	Because items go there and never return with an owner. I'd give each parked item a name and a date.	Porque los puntos van allí y no vuelven con dueño. Daría a cada punto aparcado un nombre y una fecha.
W	open-question-c1o-rebut-offline	openQuestions	Why is 'let's take this offline' the wrong move?	¿Por qué «llevémoslo fuera» es el gesto equivocado?
W	open-answer-c1o-rebut-offline	openAnswers	Because the disagreement is the business of this room. I'd finish it here, or say out loud why we have to stop.	Porque el desacuerdo es asunto de esta sala. Lo terminaría aquí, o diría en voz alta por qué tenemos que parar.
W	open-question-c1o-rebut-action-owner	openQuestions	Why is an action without an owner not an action?	¿Por qué una acción sin dueño no es una acción?
W	open-answer-c1o-rebut-action-owner	openAnswers	Because nobody will be late for a job that belongs to the room. I'd name a person or drop the line.	Porque nadie llegará tarde a un trabajo que es de la sala. Nombraría a una persona o soltaría la línea.
W	open-question-c1o-rebut-smile	openQuestions	Why is a smile in the room not a decision?	¿Por qué una sonrisa en la sala no es una decisión?
W	open-answer-c1o-rebut-smile	openAnswers	Because people smile to end a silence. I'd ask for a spoken yes or a spoken hold.	Porque se sonríe para cerrar un silencio. Pediría un sí hablado o una reserva hablada.
W	open-question-c1o-rebut-nod	openQuestions	Why is a nod around the table not enough?	¿Por qué un asentimiento en torno a la mesa no basta?
W	open-answer-c1o-rebut-nod	openAnswers	Because a nod can be fatigue. I'd ask each person to say hold or proceed.	Porque un asentimiento puede ser cansancio. Pediría a cada cual que diga reserva o seguimos.
W	open-question-b2o-hybrid-days	openQuestions	What do you make of three days in the office being compulsory?	¿Qué te parece que sean obligatorios tres días en la oficina?
W	open-answer-b2o-hybrid-days	openAnswers	I can see why managers want faces in the room, but I would rather keep two days for deep work at home. The informal conversations matter; they do not need to fill the whole week.	Entiendo que los jefes quieran caras en la sala, pero yo dejaría dos días para el trabajo de fondo en casa. Las conversaciones informales importan; no tienen que llenar la semana entera.
W	open-question-b2o-fewer-meetings	openQuestions	How would you answer someone who says most meetings are a waste?	¿Qué responderías a quien dice que la mayoría de las reuniones son una pérdida de tiempo?
W	open-answer-b2o-fewer-meetings	openAnswers	There is something in that, but I would not drop the weekly one. That is still where we catch the things that never make it into a ticket.	Hay algo de eso, pero yo no quitaría la semanal. Ahí seguimos pillando lo que nunca llega a un ticket.
W	open-question-b2o-late-sprint	openQuestions	Where do you stand on staying late to finish a sprint?	¿Dónde te sitúas respecto a quedarse hasta tarde para cerrar un sprint?
W	open-answer-b2o-late-sprint	openAnswers	I would do it once if users are waiting, not as a habit. A team that finishes every sprint after dinner has the wrong plan, not the wrong attitude.	Lo haría una vez si hay usuarios esperando, no por costumbre. Un equipo que cierra cada sprint después de cenar tiene el plan equivocado, no la actitud.
W	open-question-b2o-open-plan	openQuestions	Do you think open-plan offices actually help people work together?	¿Crees que las oficinas diáfanas ayudan de verdad a trabajar juntos?
W	open-answer-b2o-open-plan	openAnswers	They help if you need a quick question; they hurt if you need an hour of quiet. I would rather have small rooms nearby than a rule that nobody may book one.	Ayudan si necesitas una pregunta rápida; estorban si necesitas una hora de silencio. Yo preferiría salas pequeñas cerca a una norma de que nadie puede reservar una.
W	open-question-b2o-camera-on	openQuestions	How do you feel about cameras being required on every call?	¿Qué te parece que la cámara sea obligatoria en cada llamada?
W	open-answer-b2o-camera-on	openAnswers	I turn mine on when I am speaking or when the group is small. A rule for twenty people staring at their own tiles does not make the meeting better.	La enciendo cuando hablo o cuando el grupo es pequeño. Una norma para veinte personas mirando sus propios recuadros no mejora la reunión.
W	open-question-b2o-chat-decisions	openQuestions	What is your view on decisions being taken only in group chat?	¿Qué opinas de que las decisiones se tomen solo en el chat de grupo?
W	open-answer-b2o-chat-decisions	openAnswers	I use chat to float an idea, not to close it. If it matters next month, I want it in a note with a name and a date.	Uso el chat para lanzar una idea, no para cerrarla. Si importa el mes que viene, la quiero en una nota con nombre y fecha.
W	open-question-b2o-always-available	openQuestions	Should people be expected to answer messages in the evening?	¿Se debe esperar que la gente conteste mensajes por la noche?
W	open-answer-b2o-always-available	openAnswers	I would answer a genuine emergency; I would not treat every ping as one. If the work cannot wait, it should have been a call, not a late text.	Yo respondería a una urgencia de verdad; no trataría cada aviso como tal. Si el trabajo no puede esperar, tenía que ser una llamada, no un mensaje tarde.
W	open-question-b2o-hot-desking	openQuestions	What do you think of hot-desking every day of the week?	¿Qué te parece el puesto caliente todos los días de la semana?
W	open-answer-b2o-hot-desking	openAnswers	A couple of days is fine; five days of hunting for a screen wears people out. I would keep a small set of named desks for people who come in most of the week.	Un par de días está bien; cinco días cazando una pantalla cansa. Yo dejaría un lote pequeño de mesas con nombre para quien viene casi toda la semana.
W	open-question-b2o-presenteeism	openQuestions	How would you push back on the idea that the longest hours win?	¿Cómo rebatirías la idea de que ganan las jornadas más largas?
W	open-answer-b2o-presenteeism	openAnswers	I would say the person who leaves on time with the work done is the one I want on the next job. Sitting at a dark screen after eight is not the same as finishing.	Diría que quien se va a su hora con el trabajo hecho es a quien quiero en el siguiente encargo. Quedarse ante una pantalla oscura después de las ocho no es terminar.
W	open-question-b2o-feedback-public	openQuestions	Should critical feedback be given in front of the whole team?	¿Debe darse un retorno crítico delante de todo el equipo?
W	open-answer-b2o-feedback-public	openAnswers	Praise can be public; a correction is kinder and clearer in private. People hear the audience, not the point, when it is done in the room.	El elogio puede ser público; una corrección es más clara y más humana en privado. La gente oye al público, no el punto, cuando se hace en la sala.
W	open-question-b2o-promotion-years	openQuestions	Do you think years in the post should decide who is promoted?	¿Crees que los años en el puesto deben decidir el ascenso?
W	open-answer-b2o-promotion-years	openAnswers	Years show you stayed; they do not show you can lead the next piece of work. I would look at what someone has already owned, not at the calendar.	Los años muestran que te quedaste; no muestran que puedes llevar el siguiente trozo. Yo miraría lo que alguien ya ha llevado, no el calendario.
W	open-question-b2o-city-cars	openQuestions	What is your take on reducing cars in the city centre?	¿Qué opinas de reducir los coches en el centro?
W	open-answer-b2o-city-cars	openAnswers	On balance I am for it, provided the buses actually run after eight. A pretty street with no way home just moves the jam to the ring road.	En conjunto estoy a favor, siempre que los autobuses circulen de verdad después de las ocho. Una calle bonita sin forma de volver solo mueve el tapón a la ronda.
W	open-question-b2o-cycle-lanes	openQuestions	How do you feel about taking a lane from cars for bikes?	¿Qué te parece quitar un carril a los coches para las bicis?
W	open-answer-b2o-cycle-lanes	openAnswers	I would rather lose one lane than keep pretending cyclists can share a fast road. Drivers will complain for a month; then the lane becomes ordinary.	Yo preferiría perder un carril a seguir fingiendo que los ciclistas pueden compartir una vía rápida. Los conductores protestarán un mes; luego el carril se vuelve normal.
W	open-question-b2o-tourist-fees	openQuestions	Should cities charge day visitors a small tourist fee?	¿Deben las ciudades cobrar una tasa pequeña a los visitantes de un día?
W	open-answer-b2o-tourist-fees	openAnswers	A small fee is fair if it actually pays for the streets they wear out. I would be against it if it is just another tax that disappears into the general pot.	Una tasa pequeña es justa si paga de verdad las calles que desgastan. Me opondría si es solo otro impuesto que desaparece en el cajón común.
W	open-question-b2o-late-trains	openQuestions	What would you say to someone who claims late trains are just part of city life?	¿Qué le dirías a quien afirma que los trenes tarde son parte de la vida en la ciudad?
W	open-answer-b2o-late-trains	openAnswers	I would push back. A late train now and then is life; a timetable nobody can trust is a planning failure, and we should say so.	Yo empujaría en contra. Un tren tarde de vez en cuando es la vida; un horario en el que nadie puede fiarse es un fallo de planificación, y hay que decirlo.
W	open-question-b2o-street-cafes	openQuestions	Do you mind terraces taking over the pavement?	¿Te molestan las terrazas que se comen la acera?
W	open-answer-b2o-street-cafes	openAnswers	I like a terrace if a pushchair can still get past. When the tables force people into the road, the café has taken more than its share.	Me gusta una terraza si aún puede pasar un carrito. Cuando las mesas echan a la gente a la calzada, el café se ha llevado más de lo que le toca.
W	open-question-b2o-night-stop	openQuestions	Should bars close earlier on weeknights in residential streets?	¿Deben cerrar antes los bares entre semana en calles residenciales?
W	open-answer-b2o-night-stop	openAnswers	I would close the loudest hour, not the whole evening. People who live above a bar did not sign up for two in the morning on a Tuesday.	Yo cortaría la hora más ruidosa, no toda la noche. Quien vive encima de un bar no firmó para las dos de la madrugada un martes.
W	open-question-b2o-green-space	openQuestions	How important is a park within walking distance, in your view?	¿Qué importancia tiene un parque a pie, a tu juicio?
W	open-answer-b2o-green-space	openAnswers	For me it is not a luxury; it is how a dense neighbourhood stays liveable. I would trade a second supermarket for a decent square of grass.	Para mí no es un lujo; es lo que hace habitable un barrio denso. Cambiaría un segundo supermercado por un trozo decente de césped.
W	open-question-b2o-air-quality	openQuestions	What do you say when someone claims air quality is only a summer story?	¿Qué dices cuando alguien afirma que la calidad del aire es solo un cuento de verano?
W	open-answer-b2o-air-quality	openAnswers	I would say winter traffic and heating are just as dirty, only less visible. If we only talk about it on hot days, we will keep missing the rest of the year.	Diría que el tráfico y la calefacción de invierno ensucian igual, solo que se ve menos. Si solo hablamos los días de calor, seguiremos perdiendo el resto del año.
W	open-question-b2o-meat-less	openQuestions	How do you feel about workplaces offering a default vegetarian lunch?	¿Qué te parece que el almuerzo por defecto en el trabajo sea vegetariano?
W	open-answer-b2o-meat-less	openAnswers	I would keep meat as an option, not as the default every day. A default that is plant-based still leaves a choice and cuts the waste from untouched meat.	Yo dejaría la carne como opción, no como valor por defecto cada día. Un valor vegetal sigue dejando elegir y recorta el desperdicio de carne sin tocar.
W	open-question-b2o-fast-fashion	openQuestions	What is your honest view of cheap clothes that last one season?	¿Cuál es tu opinión sincera sobre la ropa barata que dura una temporada?
W	open-answer-b2o-fast-fashion	openAnswers	I still buy them when I am short of money, but I would not defend the model. Paying a little more for fewer pieces is the only habit that has lasted for me.	Aún la compro cuando voy justo, pero no defendería el modelo. Pagar un poco más por menos prendas es la única costumbre que me ha durado.
W	open-question-b2o-school-start	openQuestions	Should secondary school start later in the morning?	¿Debería empezar más tarde el instituto por la mañana?
W	open-answer-b2o-school-start	openAnswers	I would start the first lesson at nine and cut the empty form time. Teenagers are not lazy; the clock we give them is the one we designed for another century.	Yo pondría la primera clase a las nueve y recortaría el tiempo vacío de tutoría. Los adolescentes no son vagos; el reloj que les damos es el de otro siglo.
W	open-question-b2o-homework-load	openQuestions	What do you think of an hour of homework every night at fourteen?	¿Qué te parece una hora de deberes cada noche a los catorce?
W	open-answer-b2o-homework-load	openAnswers	An hour of useful work is fine; two hours of copying is not. I would rather they read one chapter well than fill three worksheets badly.	Una hora de trabajo útil está bien; dos horas de copiar, no. Yo preferiría que leyeran bien un capítulo a que rellenaran mal tres fichas.
W	open-question-b2o-phones-class	openQuestions	Should phones be banned from classrooms altogether?	¿Deben prohibirse del todo los móviles en clase?
W	open-answer-b2o-phones-class	openAnswers	I would collect them for the lesson and give them back at the break. A total ban at the gate treats fifteen-year-olds like luggage and they will find a way around it.	Yo los recogería durante la clase y los devolvería en el recreo. Una prohibición total en la puerta trata a los de quince como equipaje y encontrarán un rodeo.
W	open-question-b2o-university-or-not	openQuestions	How would you advise someone who feels pushed into university?	¿Qué aconsejarías a alguien que se siente empujado a la universidad?
W	open-answer-b2o-university-or-not	openAnswers	I would ask what they want to do in five years, not what their class is doing in September. University is a good tool; it is a poor default.	Le preguntaría qué quiere hacer en cinco años, no qué hace su clase en septiembre. La universidad es una buena herramienta; es un mal valor por defecto.
W	open-question-b2o-grades-only	openQuestions	Do you think exam grades tell you enough about a pupil?	¿Crees que las notas de examen dicen lo bastante de un alumno?
W	open-answer-b2o-grades-only	openAnswers	They tell you how someone performed on those papers, not how they work with other people. I would keep the grades and add one short comment that a number cannot carry.	Dicen cómo le fue en esos exámenes, no cómo trabaja con los demás. Yo guardaría las notas y añadiría un comentario breve que un número no puede llevar.
W	open-question-b2o-group-work	openQuestions	What is your honest view of group projects at school or work?	¿Cuál es tu opinión sincera sobre los trabajos en grupo en el cole o en el trabajo?
W	open-answer-b2o-group-work	openAnswers	They teach the work of agreeing; they also hide the person who did nothing. I would grade the product and ask each person to write what they owned.	Enseñan el trabajo de ponerse de acuerdo; también esconden a quien no hizo nada. Yo evaluaría el producto y pediría a cada uno que escribiera qué llevó.
W	open-question-b2o-language-early	openQuestions	Should children start a second language much earlier?	¿Deberían empezar los niños una segunda lengua mucho antes?
W	open-answer-b2o-language-early	openAnswers	I would start the sound of it in primary, not a grammar book. Waiting until they are self-conscious teenagers is how we produce people who never speak.	Yo empezaría el sonido en primaria, no un libro de gramática. Esperar a que sean adolescentes cortados es como producimos gente que nunca habla.
W	open-question-b2o-streaming-classes	openQuestions	How do you feel about putting pupils in sets by ability?	¿Qué te parecen los grupos por nivel?
W	open-answer-b2o-streaming-classes	openAnswers	Sets can help if they are reviewed every term and people can move. A set that becomes a label for four years does more harm than a mixed class with extra help.	Los grupos ayudan si se revisan cada trimestre y se puede cambiar. Un grupo que se vuelve una etiqueta cuatro años hace más daño que una clase mixta con apoyo.
W	open-question-b2o-screens-kids	openQuestions	What would you say to a parent who lets a child have a phone at ten?	¿Qué le dirías a un padre que deja que su hijo tenga móvil a los diez?
W	open-answer-b2o-screens-kids	openAnswers	I would wait if I could, and I would not pretend I am better than families who cannot. The real argument is who they can reach at night, not the year on the box.	Yo esperaría si puedo, y no fingiría ser mejor que las familias que no pueden. El debate de verdad es a quién localizan de noche, no el año de la caja.
W	open-question-b2o-social-media	openQuestions	Do you think we should all leave social media for a month?	¿Crees que deberíamos dejar todos las redes un mes?
W	open-answer-b2o-social-media	openAnswers	A month off is useful if you notice what you miss; it is theatre if you come back to the same hour a day. I would cut the hour first and keep the tools I actually use.	Un mes fuera sirve si notas lo que echas de menos; es teatro si vuelves a la misma hora al día. Yo recortaría primero la hora y me quedaría con las herramientas que de verdad uso.
W	open-question-b2o-news-diet	openQuestions	How do you keep up with the news without drowning in it?	¿Cómo te enteras de las noticias sin ahogarte?
W	open-answer-b2o-news-diet	openAnswers	I read one long piece in the morning and I refuse the alerts. Refreshing a feed every hour is not being informed; it is being interrupted.	Leo un texto largo por la mañana y rechazo los avisos. Actualizar un hilo cada hora no es informarse; es que te interrumpan.
W	open-question-b2o-work-from-cafe	openQuestions	What do you think of people taking calls from cafés all morning?	¿Qué te parece que la gente haga llamadas desde el café toda la mañana?
W	open-answer-b2o-work-from-cafe	openAnswers	A quiet laptop is fine; a loud call is using the room as an office they did not pay for. I would step outside or book a space.	Un portátil en silencio está bien; una llamada alta es usar la sala como una oficina que no han pagado. Yo saldría o reservaría un sitio.
W	open-question-b2o-cheap-flights	openQuestions	Should cheap short flights be harder to book?	¿Debería ser más difícil reservar vuelos cortos baratos?
W	open-answer-b2o-cheap-flights	openAnswers	I would make the train the easy option first, not punish people who have no night train. A tax that only hits the poorest travellers is a slogan, not a plan.	Yo haría primero fácil el tren, no castigar a quien no tiene tren nocturno. Un impuesto que solo pega a los viajeros más justos es un lema, no un plan.
W	open-question-b2o-staycations	openQuestions	What is your view of staying in your own country for a holiday?	¿Qué opinas de quedarte de vacaciones en tu propio país?
W	open-answer-b2o-staycations	openAnswers	I like it when I actually rest, not when I pretend a staycation is cheaper and then spend the same on restaurants. Distance is not what makes a week off.	Me gusta cuando de verdad descanso, no cuando fingo que es más barato y luego me gasto lo mismo en restaurantes. La distancia no es lo que hace una semana libre.
W	open-question-b2o-all-inclusive	openQuestions	Would you choose an all-inclusive hotel again?	¿Volverías a elegir un hotel todo incluido?
W	open-answer-b2o-all-inclusive	openAnswers	I would for a week with children, because the evenings stay simple. For two adults I would rather pay as I go and leave the hotel at lunch.	Lo haría una semana con niños, porque las tardes se quedan simples. Para dos adultos yo preferiría ir pagando y salir del hotel a mediodía.
W	open-question-b2o-tipping	openQuestions	How do you feel about service being left to tips?	¿Qué te parece que el servicio quede en propinas?
W	open-answer-b2o-tipping	openAnswers	I would rather the wage was on the bill and the tip was extra for something good. A system where the server depends on my mood is not hospitality; it is a gamble.	Yo preferiría que el sueldo estuviera en la cuenta y la propina fuera extra por algo bueno. Un sistema donde el camarero depende de mi humor no es hospitalidad; es una apuesta.
W	open-question-b2o-cashless	openQuestions	Should small shops refuse cash?	¿Deben las tiendas pequeñas rechazar el efectivo?
W	open-answer-b2o-cashless	openAnswers	I would keep cash for people who cannot or will not use a card. A shop that is card-only is convenient for me and a closed door for someone else.	Yo dejaría el efectivo para quien no puede o no quiere tarjeta. Una tienda solo con tarjeta es cómoda para mí y una puerta cerrada para otro.
W	open-question-b2o-buy-now-pay	openQuestions	What do you make of buy-now-pay-later at the checkout?	¿Qué te parece el paga ahora y después en caja?
W	open-answer-b2o-buy-now-pay	openAnswers	It is useful for a planned purchase with a date you can see; it is a trap next to sweets. I would hide it behind a second click, not put it as the default button.	Sirve para una compra planeada, con una fecha a la vista; es una trampa junto a los dulces. Yo lo escondería tras un segundo clic, no como botón por defecto.
W	open-question-b2o-rent-or-buy	openQuestions	If you could choose, would you rather rent or buy in a big city?	Si pudieras elegir, ¿preferirías alquilar o comprar en una gran ciudad?
W	open-answer-b2o-rent-or-buy	openAnswers	I would buy if the numbers left me room to live; I would rent rather than starve the rest of my life for a corridor. Owning is not a moral victory if the flat owns you.	Compraría si los números me dejaran margen para vivir; alquilaría antes que matarme de hambre el resto de la vida por un pasillo. Ser dueño no es una victoria moral si el piso te posee.
W	open-question-b2o-flatmates	openQuestions	What is the hardest part of sharing a flat, in your view?	¿Cuál es la parte más dura de compartir piso, a tu juicio?
W	open-answer-b2o-flatmates	openAnswers	The hardest part is the unspoken jobs, not the rent. I would write a short list on day one rather than discover the sink in week three.	Lo más duro son los encargos no dichos, no el alquiler. Yo escribiría una lista breve el primer día antes que descubrir el fregadero en la tercera semana.
W	open-question-b2o-neighbours-noise	openQuestions	How would you raise noise with a neighbour without starting a war?	¿Cómo plantearías el ruido a un vecino sin empezar una guerra?
W	open-answer-b2o-neighbours-noise	openAnswers	I would knock once, name the hour that does not work, and offer a time that does. A note under the door after weeks of silence usually lands as an attack.	Llamaría una vez, nombraría la hora que no funciona y ofrecería una que sí. Una nota bajo la puerta tras semanas de silencio suele aterrizar como un ataque.
W	open-question-b2o-airbnb-block	openQuestions	Should short lets be limited in residential buildings?	¿Deben limitarse los alquileres cortos en edificios residenciales?
W	open-answer-b2o-airbnb-block	openAnswers	I would limit them where people actually live, not in a street that is already hotels. A building of suitcases is not a neighbourhood, and the people who stay pay for that.	Yo los limitaría donde la gente vive de verdad, no en una calle que ya es hoteles. Un edificio de maletas no es un barrio, y quienes se quedan lo pagan.
W	open-question-b2o-public-speaking	openQuestions	How do you feel about being asked to present with little notice?	¿Qué te parece que te pidan presentar con poco aviso?
W	open-answer-b2o-public-speaking	openAnswers	I can do a five-minute update; I will not pretend a last-minute hour is a proper talk. If they want the longer version, they can give me a day.	Puedo hacer un punto de cinco minutos; no fingiré que una hora de último momento es una charla de verdad. Si quieren la versión larga, pueden darme un día.
W	open-question-b2o-disagree-boss	openQuestions	How do you disagree with your manager in the room without looking difficult?	¿Cómo discrepas de tu responsable en la sala sin parecer difícil?
W	open-answer-b2o-disagree-boss	openAnswers	I would restate their aim, then say where my path differs and why. A flat I disagree teaches them nothing and makes the next no harder.	Yo reformularía su objetivo y diría dónde mi camino difiere y por qué. Un No estoy de acuerdo plano no les enseña nada y endurece el siguiente no.
W	open-question-b2o-credit-taken	openQuestions	What would you do if someone presented your idea as theirs?	¿Qué harías si alguien presentara tu idea como suya?
W	open-answer-b2o-credit-taken	openAnswers	I would mention in the room that I had floated it last week, then follow up in writing. A scene in the corridor only gives them the story.	Lo diría en la sala, que la lancé la semana pasada, y seguiría por escrito. Una escena en el pasillo solo les da el relato.
W	open-question-b2o-small-talk	openQuestions	Is small talk before a meeting a waste, in your view?	¿Es una pérdida el parloteo antes de una reunión, a tu juicio?
W	open-answer-b2o-small-talk	openAnswers	Two minutes of it oils the room; ten minutes of it steals the decision. I would start on time and leave the weather for the walk out.	Dos minutos engrasan la sala; diez minutos roban la decisión. Yo empezaría puntual y dejaría el tiempo para la salida.
W	open-question-b2o-email-evenings	openQuestions	Should people send work emails after ten at night?	¿Debería enviarse correo de trabajo después de las diez de la noche?
W	open-answer-b2o-email-evenings	openAnswers	I would write them if I must and schedule the send for the morning. A late mail trains the other person to live on your clock.	Los escribiría si hace falta y programaría el envío para la mañana. Un correo tarde acostumbra al otro a vivir en tu reloj.
W	open-question-b2o-lunch-desk	openQuestions	What do you think of eating lunch at the desk every day?	¿Qué te parece comer todos los días en la mesa?
W	open-answer-b2o-lunch-desk	openAnswers	Once in a while is survival; every day is how you stop noticing you are tired. I would take twenty minutes away even if I come back to the same screen.	De vez en cuando es sobrevivir; todos los días es como dejas de notar que estás cansado. Yo me iría veinte minutos aunque vuelva a la misma pantalla.
W	open-question-b2o-team-drinks	openQuestions	How do you feel about team drinks being treated as part of the job?	¿Qué te parece que las cañas de equipo se traten como parte del trabajo?
W	open-answer-b2o-team-drinks	openAnswers	I will come sometimes; I will not treat the people who go home as less committed. If the real conversation only happens in the bar, the meeting is broken.	Iré a veces; no trataré a quien se va a casa como menos comprometido. Si la conversación de verdad solo pasa en el bar, la reunión está rota.
W	open-question-b2o-dress-code	openQuestions	Should offices still have a written dress code?	¿Deben las oficinas seguir teniendo un código de vestir escrito?
W	open-answer-b2o-dress-code	openAnswers	A short note on client days is enough; a page on socks is theatre. I would rather people dressed for the meeting in front of them than for a rule written in 1998.	Basta una nota breve para los días de cliente; una página sobre los calcetines es teatro. Yo preferiría que la gente se vista para la reunión que tiene delante, no para una norma de 1998.
W	open-question-b2o-return-office	openQuestions	What would you say to a company that wants everyone back five days a week?	¿Qué le dirías a una empresa que quiere a todos de vuelta cinco días?
W	open-answer-b2o-return-office	openAnswers	I would ask which problem five days solves that three did not. If the answer is culture, I would want to hear what they will actually change in the room.	Preguntaría qué problema resuelven cinco días que no resolvían tres. Si la respuesta es la cultura, querría oír qué van a cambiar de verdad en la sala.
W	open-question-b2o-side-projects	openQuestions	Is it fair for an employer to limit side projects?	¿Es justo que un empleador limite los proyectos paralelos?
W	open-answer-b2o-side-projects	openAnswers	It is fair if the side work uses their clients or their hours; it is not if they want to own your evenings. I would put the line in writing before anyone is surprised.	Es justo si el trabajo de lado usa sus clientes o sus horas; no lo es si quieren dueñarse de tus tardes. Yo pondría la raya por escrito antes de que alguien se sorprenda.
W	open-question-b2o-job-hop	openQuestions	What do you think of changing jobs every two years?	¿Qué te parece cambiar de trabajo cada dos años?
W	open-answer-b2o-job-hop	openAnswers	Two years can be a chapter; ten months is often a search that never ended. I would stay long enough to own a result, then move if the next result is elsewhere.	Dos años pueden ser un capítulo; diez meses suele ser una búsqueda que no acabó. Yo me quedaría lo bastante para ser dueño de un resultado, y me iría si el siguiente está en otro sitio.
W	open-question-b2o-salary-talk	openQuestions	Should colleagues talk openly about what they earn?	¿Deben los compañeros hablar abiertamente de lo que ganan?
W	open-answer-b2o-salary-talk	openAnswers	I would share a band with someone I trust; I would not pin my slip on the wall. Silence helps the people who already negotiate well, and that is the part I dislike.	Yo compartiría una horquilla con alguien de confianza; no clavaría mi nómina en la pared. El silencio ayuda a quienes ya negocian bien, y esa es la parte que no me gusta.
W	open-question-b2o-four-day	openQuestions	What is your view of a four-day week for the same pay?	¿Qué opinas de la semana de cuatro días a igual sueldo?
W	open-answer-b2o-four-day	openAnswers	I am for the experiment if the work is cut, not just squeezed into four longer days. A four-day week that starts at seven and ends at seven is a trick.	Estoy a favor del ensayo si se recorta el trabajo, no si se aprieta en cuatro días más largos. Una semana de cuatro que empieza a las siete y acaba a las siete es un truco.
W	open-question-b2o-ai-writing	openQuestions	How do you feel about people using AI to write their emails?	¿Qué te parece que la gente use la IA para escribir sus correos?
W	open-answer-b2o-ai-writing	openAnswers	I would use it to clean a draft I already thought; I would not send a letter I have not read. If the voice is not yours, the reader will notice on the second page.	Yo la usaría para limpiar un borrador que ya pensé; no enviaría una carta que no he leído. Si la voz no es tuya, el lector lo notará en la segunda página.
W	open-question-b2o-ai-classroom	openQuestions	Should schools allow AI tools for homework?	¿Deben los colegios permitir herramientas de IA para los deberes?
W	open-answer-b2o-ai-classroom	openAnswers	I would allow them for research and ban them for the piece that is meant to show the pupil's own words. Pretending the tools do not exist teaches nothing except how to hide.	Yo las permitiría para investigar y las prohibiría para el texto que debe mostrar las palabras del alumno. Fingir que las herramientas no existen no enseña más que a esconderse.
W	open-question-b2o-privacy-apps	openQuestions	How much privacy are you willing to give an app for convenience?	¿Cuánta privacidad estás dispuesto a dar a una app por comodidad?
W	open-answer-b2o-privacy-apps	openAnswers	I will give a location for a map; I will not give my contacts for a torch. Convenience that needs my whole address book is not convenience; it is a harvest.	Daré una ubicación para un mapa; no daré mis contactos para una linterna. La comodidad que necesita toda mi agenda no es comodidad; es una cosecha.
W	open-question-b2o-cookies	openQuestions	What do you actually do with cookie banners?	¿Qué haces de verdad con las bandas de cookies?
W	open-answer-b2o-cookies	openAnswers	I refuse the extras when the button is honest; I leave the site when it is designed to tire me. That is a poor protest, but it is the one I still make.	Rechazo lo extra cuando el botón es honesto; dejo el sitio cuando está hecho para cansarme. Es una protesta pobre, pero es la que aún hago.
W	open-question-b2o-streaming-pile	openQuestions	How do you choose what to watch when the list never ends?	¿Cómo eliges qué ver cuando la lista no acaba?
W	open-answer-b2o-streaming-pile	openAnswers	I pick one thing and I finish it, or I walk away after twenty minutes. A pile of half-seen series is not taste; it is a to-do list I never asked for.	Elijo una cosa y la termino, o me voy a los veinte minutos. Un montón de series a medias no es gusto; es una lista de tareas que no pedí.
W	open-question-b2o-live-sport	openQuestions	Would you rather watch a match in a stadium or at home?	¿Preferirías ver un partido en el estadio o en casa?
W	open-answer-b2o-live-sport	openAnswers	I would take the stadium for a final and the sofa for a Tuesday. The noise is the point of one; the pause button is the point of the other.	Yo cogería el estadio para una final y el sofá para un martes. El ruido es el sentido de uno; el botón de pausa es el del otro.
W	open-question-b2o-books-or-audio	openQuestions	Do you count audiobooks as reading?	¿Cuentas los audiolibros como lectura?
W	open-answer-b2o-books-or-audio	openAnswers	I count them as knowing the book, not as the same muscle as a page. If the argument is hours of story, they count; if it is sitting with a sentence, they do not.	Los cuento como conocer el libro, no como el mismo músculo que una página. Si el asunto son horas de historia, cuentan; si es sentarse con una frase, no.
W	open-question-b2o-museums-free	openQuestions	Should the main museums be free all year?	¿Deben ser gratis todo el año los grandes museos?
W	open-answer-b2o-museums-free	openAnswers	I would keep one free day and charge the rest, so the rooms do not become a wet-weather mall. Free every day without more staff is how the place wears out.	Yo dejaría un día gratis y cobraría el resto, para que las salas no se vuelvan un centro comercial en días de lluvia. Gratis todos los días sin más personal es como se gasta el sitio.
W	open-question-b2o-street-art	openQuestions	How do you feel about graffiti being cleaned off overnight?	¿Qué te parece que borren los grafitis de un día para otro?
W	open-answer-b2o-street-art	openAnswers	I would clean tags on homes and leave a legal wall alone. Treating every mark as the same crime is how you get more of the ugly kind.	Yo limpiaría las firmas en las casas y dejaría en paz un muro legal. Tratar cada marca como el mismo delito es como consigues más del tipo feo.
W	open-question-b2o-festivals	openQuestions	Are big music festivals still worth the price?	¿Siguen mereciendo el precio los grandes festivales?
W	open-answer-b2o-festivals	openAnswers	They are if you go for three days and you accept the mud. A day ticket at that price for two bands I already know is a poor deal.	Lo merecen si vas tres días y aceptas el barro. Un abono de un día a ese precio por dos grupos que ya conozco es un mal trato.
W	open-question-b2o-celebrity-news	openQuestions	Why do we still give so much time to celebrity stories?	¿Por qué seguimos dando tanto tiempo a las historias de famosos?
W	open-answer-b2o-celebrity-news	openAnswers	I think we use them as a rest from harder news, and that is fine in small doses. When they push a war or a hospital off the front, I would change the page.	Creo que las usamos para descansar de noticias más duras, y está bien en dosis pequeña. Cuando empujan una guerra o un hospital fuera de la portada, yo cambiaría de página.
W	open-question-b2o-cancel-culture	openQuestions	What do you make of calling people out in public for an old remark?	¿Qué te parece señalar en público por un comentario viejo?
W	open-answer-b2o-cancel-culture	openAnswers	I would want the remark, the date and whether they have owned it since. A pile-on without those three is heat, not a reckoning.	Yo querría el comentario, la fecha y si lo han reconocido desde entonces. Un linchamiento sin esos tres es calor, no un ajuste de cuentas.
W	open-question-b2o-protest	openQuestions	When is a street protest worth joining, in your view?	¿Cuándo merece la pena unirse a una protesta, a tu juicio?
W	open-answer-b2o-protest	openAnswers	It is worth it when the aim is clear and the people who can change it will hear. A march that only photographs itself is a Saturday, not a lever.	Merece la pena cuando el objetivo es claro y quienes pueden cambiarlo lo oirán. Una marcha que solo se fotografía a sí misma es un sábado, no una palanca.
W	open-question-b2o-vote-local	openQuestions	Do local elections matter as much as national ones?	¿Importan tanto las elecciones locales como las nacionales?
W	open-answer-b2o-vote-local	openAnswers	They matter more for the bus, the school and the bin day, which is most of the week. I would rather argue with a councillor I can meet than with a poster.	Importan más para el bus, el colegio y el día de la basura, que es la mayor parte de la semana. Yo preferiría discutir con un concejal al que puedo ver que con un cartel.
W	open-question-b2o-jury-duty	openQuestions	How would you feel about being called for jury service?	¿Qué te parecería que te llamaran a un jurado?
W	open-answer-b2o-jury-duty	openAnswers	I would go, and I would be nervous, because it is one of the few civic jobs that is not a slogan. I would not try to talk my way out unless I truly could not sit.	Iría, y estaría nervioso, porque es uno de los pocos deberes cívicos que no es un lema. No intentaría zafarme salvo que de verdad no pudiera sentarme.
W	open-question-b2o-charity-ads	openQuestions	What is your reaction to charity adverts that use shock?	¿Cómo reaccionas a los anuncios de ONG que usan el shock?
W	open-answer-b2o-charity-ads	openAnswers	Shock works once; after that I change the channel and I give nothing. I would rather they showed the work and asked for a number I can afford.	El shock funciona una vez; luego cambio de canal y no doy nada. Yo preferiría que mostraran el trabajo y pidieran una cifra que puedo.
W	open-question-b2o-volunteering	openQuestions	Is unpaid volunteering a fair ask in a tight month?	¿Es justa una petición de voluntariado no pagado en un mes justo?
W	open-answer-b2o-volunteering	openAnswers	It is fair if the hours are honest and nobody is doing a paid job for free. I would give a Saturday; I would not cover a weekday shift that used to be a salary.	Es justa si las horas son honestas y nadie hace un trabajo pagado gratis. Yo daría un sábado; no cubriría un turno entre semana que era un sueldo.
W	open-question-b2o-second-hand	openQuestions	What do you actually think of buying most clothes second-hand?	¿Qué piensas de verdad de comprar casi toda la ropa de segunda mano?
W	open-answer-b2o-second-hand	openAnswers	I do it for coats and I still buy new for shoes, because used shoes have someone else's walk. The virtue is in using the thing, not in the story of where it came from.	Lo hago con abrigos y aún compro nuevo el calzado, porque el usado tiene el andar de otro. La virtud está en usar la cosa, no en el relato de de dónde viene.
W	open-question-b2o-repair-cafe	openQuestions	Would you take a broken appliance to a repair café?	¿Llevarías un aparato roto a un café de reparación?
W	open-answer-b2o-repair-cafe	openAnswers	I would if the queue is shorter than buying a new one and someone will show me the step. A Saturday spent watching a stranger fix it for me is not a skill I keep.	Lo haría si la cola es más corta que comprar uno nuevo y alguien me enseña el paso. Un sábado viendo a un desconocido arreglármelo no es una habilidad que me quede.
W	open-question-b2o-food-waste	openQuestions	How do you cut food waste at home without becoming grim?	¿Cómo recortas el desperdicio de comida en casa sin ponerte sombrío?
W	open-answer-b2o-food-waste	openAnswers	I cook the tired vegetables first and I freeze leftovers the same night. A chart on the fridge only made me feel watched.	Cocino primero las verduras cansadas y congelo las sobras esa misma noche. Una tabla en la nevera solo me hizo sentir vigilado.
W	open-question-b2o-gym-or-walk	openQuestions	Is a gym membership worth it if you already walk a lot?	¿Merece la pena el gimnasio si ya caminas mucho?
W	open-answer-b2o-gym-or-walk	openAnswers	The gym is worth it if you will use the hours you paid for; walking is worth more if you will not. I would cancel a membership I visit twice and keep the shoes.	El gimnasio merece la pena si usas las horas que pagaste; caminar merece más si no lo harás. Yo cancelaría un abono al que voy dos veces y me quedaría con los zapatos.
W	open-question-b2o-sleep-late	openQuestions	What do you say to people who treat six hours as enough sleep?	¿Qué les dices a quienes tienen seis horas por sueño bastante?
W	open-answer-b2o-sleep-late	openAnswers	I would say they are borrowing from tomorrow and calling it discipline. I protect seven if I can, because the clever evening is rarely worth the dull morning.	Diría que piden prestado al mañana y lo llaman disciplina. Yo protejo siete si puedo, porque la noche lista rara vez vale la mañana sosa.
W	open-question-b2o-no-alcohol	openQuestions	How do you handle a dinner where you are the only one not drinking?	¿Cómo llevas una cena donde eres el único que no bebe?
W	open-answer-b2o-no-alcohol	openAnswers	I order something that looks like a drink and I do not give a speech. The evening is theirs as well; I am not there to convert the table.	Pido algo que parezca una copa y no doy un discurso. La noche también es suya; no estoy para convertir la mesa.
W	open-question-b2o-diet-talk	openQuestions	Should people comment on what someone else is eating?	¿Debe comentarse lo que come otra persona?
W	open-answer-b2o-diet-talk	openAnswers	I would keep my comments to my own plate. Advice across the table, even kind, usually lands as a verdict.	Yo dejaría los comentarios para mi plato. Un consejo al otro lado de la mesa, aunque amable, suele aterrizar como un veredicto.
W	open-question-b2o-pets-city	openQuestions	Is it fair to keep a large dog in a small city flat?	¿Es justo tener un perro grande en un piso pequeño de ciudad?
W	open-answer-b2o-pets-city	openAnswers	It is fair if the walks are real and the dog is not left nine hours. A large dog as furniture for a pretty photo is not a life I would defend.	Es justo si los paseos son de verdad y el perro no se queda nueve horas. Un perro grande como mueble para una foto bonita no es una vida que yo defendería.
W	open-question-b2o-children-later	openQuestions	What do you think of people waiting until their late thirties to have children?	¿Qué te parece que la gente espere al final de los treinta para tener hijos?
W	open-answer-b2o-children-later	openAnswers	I think the timing is theirs if they can live with it; I would not call it selfish or brave. The harder question is who will help, not the year on the form.	Creo que el momento es suyo si pueden vivir con ello; no lo llamaría egoísta ni valiente. La pregunta más dura es quién ayudará, no el año del formulario.
W	open-question-b2o-grandparents	openQuestions	Should grandparents be expected to provide regular childcare?	¿Debe esperarse que los abuelos den una guarda regular?
W	open-answer-b2o-grandparents	openAnswers	I would ask, not assume, and I would pay them in time if I cannot pay in money. Regular childcare is a job; a visit is a relationship.	Yo pediría, no daría por hecho, y les pagaría en tiempo si no puedo en dinero. Una guarda regular es un trabajo; una visita es una relación.
W	open-question-b2o-long-distance	openQuestions	Can a long-distance relationship work, in your experience?	¿Puede funcionar una relación a distancia, en tu experiencia?
W	open-answer-b2o-long-distance	openAnswers	It can for a season if both people know the end date. An open-ended distance is how you become flatmates of a calendar.	Puede una temporada si ambos saben la fecha de cierre. Una distancia sin horizonte es como os volvéis compañeros de piso de un calendario.
W	open-question-b2o-wedding-cost	openQuestions	Are expensive weddings a waste, or do they matter?	¿Son un despilfarro las bodas caras, o importan?
W	open-answer-b2o-wedding-cost	openAnswers	They matter if the day is for the two of you and the people you actually want there. They are a waste when the day is a performance for people you will not speak to in a year.	Importan si el día es para vosotros dos y para la gente que de verdad queréis. Son un despilfarro cuando el día es una función para gente con la que no hablaréis en un año.
W	open-question-b2o-apology-late	openQuestions	How late is too late for an apology, in your view?	¿Cuándo es demasiado tarde para una disculpa, a tu juicio?
W	open-answer-b2o-apology-late	openAnswers	Too late is when it arrives only because you were caught. A late apology that names the harm and does not ask for a prize can still do work.	Demasiado tarde es cuando llega solo porque te pillaron. Una disculpa tardía que nombra el daño y no pide un premio aún puede servir.
W	open-question-b2o-forgive-work	openQuestions	Should you forgive a colleague who let you down once?	¿Debes perdonar a un compañero que te dejó tirado una vez?
W	open-answer-b2o-forgive-work	openAnswers	I would forgive the once if they name it and change the next delivery. I would not forget the pattern if it happens a third time with a new story.	Yo perdonaría la vez si lo nombran y cambian la siguiente entrega. No olvidaría el patrón si pasa una tercera vez con una historia nueva.
W	open-question-b2o-white-lie	openQuestions	When is a white lie kinder than the blunt truth?	¿Cuándo es más humano un mentirilla que la verdad seca?
W	open-answer-b2o-white-lie	openAnswers	It is kinder when the blunt truth only hurts and changes nothing, such as a dress already worn. It is not kinder when the person still has time to act.	Lo es cuando la verdad seca solo hiere y no cambia nada, como un vestido ya puesto. No lo es cuando la persona aún tiene tiempo de actuar.
W	open-question-b2o-advice-unasked	openQuestions	How do you feel when people give you advice you did not ask for?	¿Qué sientes cuando te dan un consejo que no pediste?
W	open-answer-b2o-advice-unasked	openAnswers	I listen for the one useful line and I let the rest go. I do the same in return, which is harder than it sounds.	Escucho la frase útil y suelto el resto. Hago lo mismo a la vuelta, que es más difícil de lo que suena.
W	open-question-b2o-cancel-plans	openQuestions	Is it acceptable to cancel social plans the same day?	¿Es aceptable cancelar planes el mismo día?
W	open-answer-b2o-cancel-plans	openAnswers	Once for a genuine reason, and I would offer a new date in the same message. A habit of same-day cancellations is how you train people not to count on you.	Una vez por una razón de verdad, y yo ofrecería una fecha nueva en el mismo mensaje. La costumbre de cancelar el mismo día es como enseñas a la gente a no contar contigo.
W	open-question-b2o-group-chat	openQuestions	What is the polite way to leave a group chat that never stops?	¿Cuál es la forma educada de salir de un chat de grupo que no para?
W	open-answer-b2o-group-chat	openAnswers	I would say I am muting it and I am still happy to meet, then I would leave. A silent disappearance only starts a second chat about you.	Diría que lo silencio y que sigo dispuesto a vernos, y luego me iría. Una desaparición callada solo abre un segundo chat sobre ti.
W	open-question-b2o-read-receipts	openQuestions	Should messaging apps show when you have read a message?	¿Deben las apps mostrar cuándo has leído un mensaje?
W	open-answer-b2o-read-receipts	openAnswers	I would turn them off. A tick that means I saw it and I am ignoring you is a poor tool for friendship.	Yo las apagaría. Un tick que significa lo vi y te ignoro es una mala herramienta de amistad.
W	open-question-b2o-voice-notes	openQuestions	How do you feel about long voice notes instead of a text?	¿Qué te parecen los notas de voz largas en vez de un texto?
W	open-answer-b2o-voice-notes	openAnswers	A minute is fine if your hands are full; five minutes is a podcast I did not subscribe to. I would rather they wrote the ask and saved the story for a call.	Un minuto está bien si tienes las manos ocupadas; cinco minutos es un pódcast al que no me apunté. Yo preferiría que escribieran la petición y dejaran la historia para una llamada.
W	open-question-b2o-being-late	openQuestions	How late is late for a dinner with friends?	¿Cuánto es tarde para una cena con amigos?
W	open-answer-b2o-being-late	openAnswers	Ten minutes is life; half an hour without a message is the dinner. I would start without them and keep a plate, not the evening on pause.	Diez minutos es la vida; media hora sin mensaje es la cena. Yo empezaría sin ellos y guardaría un plato, no la noche en pausa.
W	open-question-b2o-splitting-bill	openQuestions	How should a group split a bill when people ordered very differently?	¿Cómo debería un grupo partir la cuenta si pidieron muy distinto?
W	open-answer-b2o-splitting-bill	openAnswers	I would split by what we ordered if the difference is large, and split evenly if it is close. A fight over four euros ruins a meal that cost eighty.	Yo partiría según lo pedido si la diferencia es grande, y a partes iguales si es cercana. Una pelea por cuatro euros arruina una cena que costó ochenta.
W	open-question-b2o-host-cooking	openQuestions	Is it rude to ask what is in a meal the host has cooked?	¿Es de mala educación preguntar qué lleva el plato que ha cocinado el anfitrión?
W	open-answer-b2o-host-cooking	openAnswers	It is not rude if you have an allergy; it is rude if you are hunting for a reason to refuse. I would ask before they serve, not after the first bite with a face.	Preguntar está bien si hay alergia; resulta de mala educación si se busca una razón para rechazar. Yo preguntaría antes de que sirvan, no después del primer bocado con cara.
W	open-question-b2o-phones-table	openQuestions	Should phones stay off the table at a meal?	¿Deben quedar los móviles fuera de la mesa en una comida?
W	open-answer-b2o-phones-table	openAnswers	I would put mine away unless we are expecting a genuine call. A phone face-up says the people here are the understudy.	Yo guardaría el mío salvo que esperemos una llamada de verdad. Un móvil boca arriba dice que la gente de aquí es el suplente.
W	open-question-b2o-gift-money	openQuestions	Is money a lazy gift, or a kind one?	¿Es el dinero un regalo vago, o uno amable?
W	open-answer-b2o-gift-money	openAnswers	It is kind if the person needs room more than another object; it is lazy if you have not thought about them at all. I would write one sentence with it so it is not just a transfer.	Es amable si la persona necesita más margen que otro objeto; es vago si no has pensado en ella. Yo escribiría una frase con él para que no sea solo una transferencia.
W	open-question-b2o-thank-you-notes	openQuestions	Are written thank-you notes still worth the effort?	¿Siguen mereciendo el esfuerzo las notas de agradecimiento?
W	open-answer-b2o-thank-you-notes	openAnswers	A short message the same week is worth it; a perfect card a month later is theatre. I would rather they heard I used the gift than that I found the right stamp.	Un mensaje breve esa misma semana lo merece; una tarjeta perfecta un mes después es teatro. Yo preferiría que supieran que uso el regalo a que encontré el sello adecuado.
W	open-question-b2o-old-friends	openQuestions	How do you keep old friends when your lives have split?	¿Cómo conservas a los amigos de antes cuando vuestras vidas se han separado?
W	open-answer-b2o-old-friends	openAnswers	I pick one date a season and I keep it, even if the chat is thinner than it was. Waiting until we have time is how the friendship becomes a memory.	Elijo una fecha por temporada y la cumplo, aunque la charla sea más delgada que antes. Esperar a tener tiempo es como la amistad se vuelve un recuerdo.
W	open-question-b2o-moving-away	openQuestions	What would you miss first if you left this city?	¿Qué echarías de menos primero si dejara esta ciudad?
W	open-answer-b2o-moving-away	openAnswers	I would miss the walk I do without thinking, not the landmarks on the postcards. A new city can copy the cafés; it cannot copy the shortcuts.	Echaría de menos el paseo que hago sin pensar, no los monumentos de las postales. Una ciudad nueva puede copiar los cafés; no puede copiar los atajos.
W	open-question-b2o-hometown	openQuestions	Do you still feel at home in the place you grew up?	¿Sigues sintiéndote en casa donde creciste?
W	open-answer-b2o-hometown	openAnswers	I feel at home in two or three streets, not in the whole town. The rest has moved on, and so have I, which is as it should be.	Me siento en casa en dos o tres calles, no en todo el pueblo. El resto ha seguido, y yo también, que es lo que toca.
W	open-question-b2o-accent	openQuestions	How do you feel when people comment on your accent?	¿Qué sientes cuando comentan tu acento?
W	open-answer-b2o-accent	openAnswers	I take it as curiosity if they stop after one remark; I take it as a joke at my expense if they imitate it. I would rather they asked where I learned the language.	Lo tomo por curiosidad si paran tras un comentario; lo tomo por una broma a mi costa si lo imitan. Yo preferiría que preguntaran dónde aprendí la lengua.
W	open-question-b2o-learning-plateau	openQuestions	What do you do when a language stops improving for months?	¿Qué haces cuando una lengua no mejora en meses?
W	open-answer-b2o-learning-plateau	openAnswers	I change the input: more speech, fewer lists, and one topic I actually care about. A plateau is often the same exercise repeated, not a wall in the language.	Cambio la entrada: más habla, menos listas y un tema que de verdad me importa. Una meseta suele ser el mismo ejercicio repetido, no un muro en la lengua.
W	open-question-b2o-perfect-before-speak	openQuestions	Should you wait until your grammar is solid before you speak?	¿Hay que esperar a que la gramática esté sólida antes de hablar?
W	open-answer-b2o-perfect-before-speak	openAnswers	I would speak badly earlier and clean it as I go. Waiting for solid grammar is how you become a silent expert in a language nobody has heard you use.	Yo hablaría mal antes y la iría limpiando. Esperar una gramática sólida es como te vuelves un experto silencioso de una lengua que nadie te ha oído usar.
W	open-question-b2o-subtitles	openQuestions	Do you watch films in the original language with subtitles?	¿Ves las películas en versión original con subtítulos?
W	open-answer-b2o-subtitles	openAnswers	I do when I already know the story a little; I do not when I am tired and I just want the evening. Subtitles are a tool, not a test I have to pass every Friday.	Lo hago cuando ya conozco un poco la historia; no lo hago cuando estoy cansado y solo quiero la noche. Los subtítulos son una herramienta, no un examen que aprobar cada viernes.
W	open-question-b2o-travel-alone	openQuestions	Would you rather travel alone or with a friend who plans everything?	¿Preferirías viajar solo o con un amigo que lo planea todo?
W	open-answer-b2o-travel-alone	openAnswers	I would travel alone rather than follow a plan I never agreed. A friend who leaves a little air in the day is the one I would book with again.	Viajaría solo antes que seguir un plan al que nunca accedí. Un amigo que deja un poco de aire en el día es con el que volvería a reservar.
W	open-question-b2o-tour-guide	openQuestions	Are organised tours a waste if you like to wander?	¿Son una pérdida las visitas organizadas si te gusta callejear?
W	open-answer-b2o-tour-guide	openAnswers	They are a waste for a city I already know; they are a gift for a first morning in a place whose streets I cannot read. I would take the morning tour and lose the group after lunch.	Lo son en una ciudad que ya conozco; son un regalo la primera mañana en un sitio cuyas calles no sé leer. Yo cogería la visita de la mañana y perdería al grupo después de comer.
W	open-question-b2o-souvenirs	openQuestions	What kind of souvenir is actually worth bringing home?	¿Qué tipo de recuerdo merece de verdad llevarse a casa?
W	open-answer-b2o-souvenirs	openAnswers	Something I will use in the kitchen or on a desk, not another object that needs a shelf. The photograph I took myself has lasted longer than any keyring.	Algo que usaré en la cocina o en un escritorio, no otro objeto que pide un estante. La foto que yo mismo hice ha durado más que cualquier llavero.
W	open-question-b2o-queue-jump	openQuestions	What would you say to someone who tries to jump a queue?	¿Qué le dirías a alguien que intenta colarse en una cola?
W	open-answer-b2o-queue-jump	openAnswers	I would say the line starts behind me, once, without a speech. If they pretend not to hear, I would rather the person at the desk sent them back than start a scene.	Diría que la fila empieza detrás de mí, una vez, sin discurso. Si fingen no oír, yo preferiría que quien está en el mostrador los devolviera a que yo arme una escena.
W	open-question-b2o-complain-restaurant	openQuestions	When is it worth complaining in a restaurant?	¿Cuándo merece la pena quejarse en un restaurante?
W	open-answer-b2o-complain-restaurant	openAnswers	It is worth it when the plate is wrong or cold, and I would do it while there is still time to fix it. A long speech at the end about the music helps nobody and spoils the tip conversation.	Merece la pena cuando el plato está mal o frío, y lo haría mientras aún hay tiempo de arreglarlo. Un discurso largo al final sobre la música no ayuda a nadie y estropea la conversación de la propina.
W	open-question-b2o-loyalty-cards	openQuestions	Are shop loyalty cards worth giving your details for?	¿Merecen las tarjetas de fidelidad que des tus datos?
W	open-answer-b2o-loyalty-cards	openAnswers	They are if I already shop there every week; they are not if I am buying a sandwich once. I would rather pay the extra euro than add another inbox I will never open.	Lo merecen si ya compro allí cada semana; no lo merecen por un sándwich una vez. Yo pagaría el euro de más antes que añadir otra bandeja que nunca abriré.
W	open-question-b2o-reviews-online	openQuestions	How much do you trust online reviews before you book?	¿Cuánto te fías de las reseñas en línea antes de reservar?
W	open-answer-b2o-reviews-online	openAnswers	I trust the dull ones that mention a time and a fault; I do not trust a page of five stars with the same three words. I would read ten and look for the pattern, not for the loudest story.	Me fío de las sosas que mencionan una hora y un fallo; no me fío de una página de cinco estrellas con las mismas tres palabras. Yo leería diez y buscaría el patrón, no el relato más ruidoso.
W	open-question-b2o-rating-drivers	openQuestions	Should passengers have to rate every driver or rider?	¿Deben los pasajeros puntuar a cada conductor o cada viaje?
W	open-answer-b2o-rating-drivers	openAnswers	I would rate when something was clearly good or bad; I would skip the rest. A forced five-star culture makes the number meaningless by Thursday.	Yo puntuaría cuando algo fue claramente bueno o malo; me saltaría el resto. Una cultura forzada de cinco estrellas deja el número sin sentido el jueves.
W	open-question-b2o-working-holiday	openQuestions	What do you think of mixing work emails with a holiday?	¿Qué te parece mezclar los correos de trabajo con las vacaciones?
W	open-answer-b2o-working-holiday	openAnswers	I would set one hour on two mornings and I would tell people that is the window. Checking every ping on the beach is not staying in touch; it is not having left.	Yo pondría una hora dos mañanas y diría que esa es la ventana. Mirar cada aviso en la playa no es seguir localizable; es no haberse ido.
W	open-question-b2o-polite-no	openQuestions	How do you say no to an invitation you do not want?	¿Cómo dices que no a una invitación que no quieres?
W	open-answer-b2o-polite-no	openAnswers	I would thank them, say I will not come, and I would not invent a dead aunt. A clear no leaves the friendship intact; a fake diary starts a second lie in a month.	Agradecería, diría que no voy y no inventaría una tía muerta. Un no claro deja la amistad entera; una agenda falsa empieza una segunda mentira en un mes.
W	open-question-b2o-change-subject	openQuestions	When is it fair to change the subject in a tense conversation?	¿Cuándo es justo cambiar de tema en una conversación tensa?
W	open-answer-b2o-change-subject	openAnswers	It is fair when the same circle has been walked twice and nobody has new facts. I would name the pause, not pretend I just remembered the weather.	Es justo cuando se ha dado el mismo círculo dos veces y nadie tiene hechos nuevos. Yo nombraría la pausa, no fingiría que acabo de acordarme del tiempo.
W	open-question-b2o-last-word	openQuestions	Why do some people need the last word, do you think?	¿Por qué algunos necesitan la última palabra, crees?
W	open-answer-b2o-last-word	openAnswers	I think they fear that silence will be read as agreement. I would rather lose the last line and keep the point I actually care about.	Creo que temen que el silencio se lea como un acuerdo. Yo preferiría perder la última frase y quedarme con el punto que de verdad me importa.
W	open-question-b2o-agree-to-differ	openQuestions	When would you agree to differ and leave it there?	¿Cuándo aceptarías disentir y dejarlo ahí?
W	open-answer-b2o-agree-to-differ	openAnswers	I would leave it there when we have both been heard and the decision does not have to be shared. Pushing past that point is how a disagreement becomes a score.	Lo dejaría ahí cuando ambos hemos sido oídos y la decisión no tiene que ser compartida. Empujar más allá es como un desacuerdo se vuelve un marcador.
W	open-question-b2o-listen-first	openQuestions	How do you disagree politely when you have not fully heard the other person?	¿Cómo discrepas con educación cuando aún no has oído del todo a la otra persona?
W	open-answer-b2o-listen-first	openAnswers	I would let them finish, restate the bit I can accept, and only then name the part I cannot. Jumping in with my case first is how the conversation becomes two speeches.	Yo les dejaría terminar, reformularía lo que puedo aceptar y solo entonces nombraría lo que no. Entrar antes con mi caso es como la conversación se vuelve dos discursos.
W	school-parent-meeting-tuesday	schoolNotices	The parent-teacher meeting is on Tuesday.	La reunión de padres es el martes.
W	school-be-punctual	schoolNotices	Please be on time.	Les pedimos que sean puntuales.
W	school-no-class-tomorrow	schoolNotices	Please remember there is no school tomorrow.	Recuerden que mañana no hay clase.
W	school-holidays-fifteen-days	schoolNotices	The school holidays start in fifteen days.	Las vacaciones empiezan en quince días.
W	school-trip-next-week	schoolNotices	Please remember the school trip is next week.	Recuerden que la semana que viene hay una excursión.
W	school-dont-forget-homework	schoolNotices	Don't forget the homework for tomorrow.	No olviden los deberes para mañana.
W	school-closed-friday	schoolNotices	The school will be closed on Friday.	El centro permanecerá cerrado el viernes.
W	school-starts-eight-thirty	schoolNotices	Lessons start at half past eight.	Las clases empiezan a las 8:30.
W	school-sign-the-note	schoolNotices	Please sign the note in the home-school book.	Firmen la nota en la agenda.
W	school-bring-snack	schoolNotices	Please remember to send a snack.	Recuerden mandar una merienda.
W	school-pe-kit-tomorrow	schoolNotices	Tomorrow, don't forget the PE kit.	Mañana no olviden la ropa de educación física.
W	school-week-recap	schoolNotices	Here is a short summary of the week.	Aquí va un breve resumen de la semana.
W	school-check-homework	schoolNotices	Please check that the homework is done.	Revisen que los deberes estén hechos.
W	school-help-at-home	schoolNotices	It is important that your child gets help at home.	Es importante que su hijo tenga ayuda en casa.
W	school-justify-absence	schoolNotices	Every absence must be explained in writing.	Toda falta debe justificarse por escrito.
W	school-please-avoid-lateness	schoolNotices	Please make sure your child arrives on time in the morning.	Procuren que llegue puntual por la mañana.
W	school-canteen-tomorrow	schoolNotices	Your child is having school lunch tomorrow.	Su hijo come en el comedor mañana.
W	school-bring-supplies	schoolNotices	Please check that school supplies are complete.	Revisen que traiga el material escolar.
W	school-timetable-changed	schoolNotices	The timetable is different this week.	El horario cambia esta semana.
W	school-return-permission	schoolNotices	Please return the signed permission slip.	Devuelvan la autorización firmada.
W	school-class-photo-friday	schoolNotices	The class photo will be taken on Friday.	La foto de clase será el viernes.
W	school-after-school	schoolNotices	After-school care is open until 6 p.m.	El extraescolar está abierto hasta las 18:00.
W	school-wednesday-early	schoolNotices	On Wednesday, lessons finish at half past eleven.	El miércoles las clases terminan a las 11:30.
W	school-home-reading	schoolNotices	Please have your child read a little each evening.	Procuren que lea un rato cada noche.
W	school-no-phones	schoolNotices	Mobile phones are not allowed in class.	Los móviles están prohibidos en clase.
W	school-name-on-things	schoolNotices	Please put your child's name on their belongings.	Marquen las cosas con el nombre del niño.
W	school-report-next-week	schoolNotices	Report cards will be given out next week.	Los boletines se entregarán la semana que viene.
W	school-remind-water	schoolNotices	Please send a water bottle, especially if it is hot.	Manden una botella de agua, sobre todo si hace calor.
W	school-appointments-parents	schoolNotices	Parent-teacher appointments are by sign-up only.	Las tutorías se piden con inscripción previa.
W	school-class-council	schoolNotices	The class review meeting is on Thursday afternoon.	La junta de evaluación es el jueves por la tarde.
W	school-medical-certificate	schoolNotices	A doctor's note is required after three days away.	Hace falta un justificante médico después de tres días de falta.
W	school-bus-change	schoolNotices	The school bus will leave at 4:15 p.m. as an exception.	El autobús escolar saldrá, de forma excepcional, a las 16:15.
W	school-strike-day	schoolNotices	Because of industrial action, supervision will be limited tomorrow.	Por un paro, mañana el centro tendrá un servicio reducido.
W	school-heat-protocol	schoolNotices	In extreme heat, break times will be in the shade.	Si hace mucho calor, el recreo será a la sombra.
W	school-head-lice	schoolNotices	Head lice have been reported in the class. Please check your child's hair.	Hay avisos de piojos en la clase. Revisen el pelo.
W	school-missing-materials	schoolNotices	Your child did not have the right equipment today.	Hoy su hijo no trajo el material.
W	school-work-not-done	schoolNotices	The assigned work was not handed in.	No se ha entregado el trabajo pedido.
W	school-holiday-work	schoolNotices	There is holiday homework. Please make sure it gets done.	Hay deberes para las vacaciones. Procuren que los haga.
W	school-open-house	schoolNotices	There is an open morning on Saturday.	El sábado por la mañana hay jornada de puertas abiertas.
W	school-sign-liaison	schoolNotices	Please check and sign the home-school book every evening.	Revisen y firmen la agenda cada noche.
W	school-insurance-certificate	schoolNotices	Proof of personal accident insurance must be provided before the trip can be confirmed.	Hay que entregar un seguro escolar antes de confirmar la excursión.
W	school-progress-review	schoolNotices	We would like to meet you to review your child's progress and agree the next steps.	Queremos verles para revisar los avances y acordar los siguientes pasos.
W	school-polite-messages	schoolNotices	Please write to the school courteously and outside teaching hours.	Escriban al centro con respeto y fuera del horario lectivo.
W	school-collect-report	schoolNotices	Report cards are to be collected from the form tutor, not sent home with pupils.	Los boletines se recogen con el tutor, no se envían a casa con el alumnado.
W	school-written-consent	schoolNotices	No school trip may proceed unless written parental consent has been received and placed on file.	No puede realizarse ninguna excursión hasta que conste en el expediente la autorización parental por escrito.
W	school-extra-support	schoolNotices	Additional learning support is being offered; a meeting can be arranged to agree the measures with you.	Se ofrece un refuerzo pedagógico adicional; se puede concertar una reunión para acordar las medidas.
W	school-individualized-plan	schoolNotices	A personal support plan can be drawn up and reviewed with you if the difficulties persist.	Se puede elaborar un plan de apoyo individualizado y revisarlo con ustedes si las dificultades persisten.
W	school-unsupervised-exit	schoolNotices	Pupils for whom written permission is on file may leave the premises unaccompanied at the end of the day.	El alumnado con autorización escrita en el expediente puede salir solo del centro al terminar las clases.
W	school-discipline-board	schoolNotices	Your child is summoned to appear before the disciplinary board; a reasoned decision will follow and may be appealed within the statutory time limit.	Su hijo queda citado ante el consejo de disciplina; recaerá resolución motivada, recurrible en el plazo legal.
W	school-gdpr-photos	schoolNotices	Images of pupils will be processed only on the legal basis of your explicit, withdrawable consent; they will not be published without that basis.	Las imágenes del alumnado se tratarán solo sobre la base de su consentimiento explícito y revocable; no se difundirán sin esa base jurídica.
W	school-exam-accommodations	schoolNotices	Exam accommodations (extra time, a separate room, or an assistant) may be requested for your child on documented medical or educational grounds.	Se puede solicitar una adaptación de examen (tiempo extra, aula aparte o asistente) para su hijo con justificante médico o pedagógico.
W	school-compulsory-schooling	schoolNotices	Compulsory schooling remains a parental legal duty until the age of sixteen; unjustified absence may be referred to the education authority.	La escolarización obligatoria sigue siendo un deber legal de los responsables hasta los dieciséis años; las faltas injustificadas pueden comunicarse a la autoridad educativa.
W	school-governing-board-decision	schoolNotices	The governing board has adopted this decision in a recorded deliberation; it is binding on the school unless set aside on review.	El consejo escolar ha adoptado esta decisión en deliberación; vincula al centro salvo que se anule en recurso.
W	school-school-medical-exam	schoolNotices	A school medical examination is compulsory; the findings remain confidential and are disclosed to the family only as required by law.	La revisión de medicina escolar es obligatoria; las conclusiones son confidenciales y solo se comunican a la familia en los casos previstos por ley.
W	school-strike-minimum-service	schoolNotices	If staff exercise the right to strike, a statutory minimum reception service will still be provided for the pupils who cannot be kept at home.	Si el personal ejerce el derecho de huelga, se garantizará aun así el servicio mínimo legal de acogida para el alumnado que no pueda permanecer en casa.
W	school-academic-inspection	schoolNotices	The education inspectorate will conduct an evaluation of the school next week; staff and families may be asked to produce the documents it requires.	La inspección educativa evaluará el centro la semana que viene; al personal y a las familias se les podrá pedir la documentación que requiera.
W	school-c2s-written-representations-deadline	schoolNotices	Written representations against the headteacher's finding must reach the clerk within five school days; late papers will be treated as time-barred unless a compelling reason is shown.	Las alegaciones escritas frente a la constatación de la dirección deben llegar a la secretaría en cinco días lectivos; los escritos extemporáneos se tendrán por caducados salvo causa apremiante.
W	school-c2s-right-to-advocacy	schoolNotices	The pupil may be accompanied by a person of their choosing and may lodge a written defence; the conduct panel will hear that person if asked.	El alumno puede ir acompañado de quien elija y presentar defensa por escrito; la junta de convivencia oirá a esa persona si se pide.
W	school-c2s-witness-statements-disclosure	schoolNotices	Statements on which the case rests may be inspected at the school office before the hearing; third-party identities will be redacted where disclosure would cause harm.	Los testimonios en que se funda el expediente pueden consultarse en secretaría antes de la comparecencia; se tachará la identidad de terceros cuando revelarla les perjudicara.
W	school-c2s-adjournment-request	schoolNotices	An adjournment will be granted only if a material witness is unavailable or fresh papers cannot reasonably have been obtained in time.	Solo se aplazará si falta un testigo esencial o si no se pudieron recabar a tiempo escritos de último momento.
W	school-c2s-reasoned-ruling-issued	schoolNotices	A reasoned ruling will be served on the family within three working days; the operative part takes effect on service unless a stay is granted.	Se notificará a la familia un fallo motivado en tres días hábiles; la parte dispositiva rige desde la notificación, salvo suspensión.
W	school-c2s-internal-review-window	schoolNotices	An internal review may be sought within ten school days of service; the reviewer will not have sat on the original panel.	Cabe pedir una revisión interna en los diez días lectivos siguientes a la notificación; quien revise no habrá formado parte de la junta inicial.
W	school-c2s-permanent-record-entry	schoolNotices	The finding will be entered on the pupil's file and kept for the statutory retention period; it will not be disclosed beyond those who need to know.	La constatación se incorporará al expediente del alumno y se guardará el plazo legal; no se comunicará más que a quienes deban conocerla.
W	school-c2s-behaviour-contract-binding	schoolNotices	The conduct undertaking signed with the family is binding for the remainder of the year; a breach may reopen the original charge without a fresh investigation of the facts already found.	El compromiso de conducta firmado con la familia obliga el resto del curso; un incumplimiento puede reabrir el cargo inicial sin instruir de nuevo los hechos ya fijados.
W	school-c2s-search-and-confiscation	schoolNotices	A search of bags or lockers may be carried out where there are reasonable grounds to suspect a prohibited item; seized goods will be logged and, where required, handed to the police.	Cabe registrar mochilas o taquillas si hay indicios serios de un objeto vedado; lo incautado se inventariará y, si procede, se entregará a la policía.
W	school-c2s-prohibited-items-seizure	schoolNotices	Knives, intoxicants and stolen property seized on the premises will not be returned to the pupil; a receipt will be issued to the family on request.	Navajas, sustancias embriagantes y bienes hurtados incautados en el recinto no se devolverán al alumno; se expedirá resguardo a la familia si lo pide.
W	school-c2s-restraint-incident-log	schoolNotices	Any use of reasonable force will be recorded the same day and the family informed; the log may be inspected by those with parental responsibility.	Cualquier uso de la fuerza estrictamente necesaria se hará constar el mismo día y se avisará a la familia; el registro pueden consultarlo quienes ostenten la patria potestad.
W	school-c2s-staff-allegation-procedure	schoolNotices	An allegation against a member of staff will be referred to the designated officer before any internal interview of the pupil concerned.	Una imputación contra un miembro del personal se elevará al responsable designado antes de cualquier entrevista interna con el alumno.
W	school-c2s-malicious-complaint-warning	schoolNotices	A complaint found to have been made in bad faith may itself be treated as a conduct matter; the family will be told of that finding in writing.	Una queja tildada de temeraria puede tratarse como falta de conducta; se comunicará por escrito esa calificación a la familia.
W	school-c2s-natural-justice-reminder	schoolNotices	No sanction will be imposed until the pupil has had a fair chance to answer the charge and to see the papers relied upon.	No se impondrá corrección alguna hasta que el alumno haya podido contestar al cargo y ver los escritos en que se apoya.
W	school-c2s-head-may-not-sit	schoolNotices	The headteacher who laid the charge will not sit as a voting member of the conduct panel; they may present the case and then withdraw.	Quien dirigió el centro y formuló el cargo no votará en la junta; podrá exponer el asunto y retirarse después.
W	school-c2s-minutes-redacted-to-family	schoolNotices	A redacted extract of the minutes will be sent to the family; names of other pupils will be omitted unless disclosure is strictly necessary.	Se enviará a la familia un extracto tachado del acta; se omitirán los nombres de otros alumnos salvo necesidad estricta.
W	school-c2s-sanction-must-be-proportionate	schoolNotices	Any penalty must be proportionate to the gravity of the act and to the pupil's age and prior record; a heavier measure requires distinct reasons.	La corrección ha de ser proporcionada a la gravedad del hecho, a la edad y a los antecedentes; una medida más grave exige motivos aparte.
W	school-c2s-collective-punishment-forbidden	schoolNotices	Collective punishment of a whole class is forbidden; only those against whom a charge has been particularised may be sanctioned.	Queda vedado castigar a toda una clase en bloque; solo cabe corregir a quienes se les haya particularizado un cargo.
W	school-c2s-off-site-direction-notice	schoolNotices	The pupil is directed off-site for the improvement of behaviour for a fixed period; the family will be told the host setting and the review date.	Se encamina al alumno fuera del centro para enmendar la conducta, por plazo fijo; se dirá a la familia el lugar de acogida y la fecha de revisión.
W	school-c2s-managed-move-proposal	schoolNotices	A managed move to another school is proposed by agreement; it will not proceed unless all three parties sign and a start date is fixed.	Se propone un traslado pactado a otro centro; no se hará si las tres partes no firman y no se fija fecha de incorporación.
W	school-c2s-isolation-room-protocol	schoolNotices	Removal to a supervised room is a short-term measure, not an unofficial suspension; work will be set and the family told the same day if it exceeds one lesson.	El apartamiento a un aula vigilada es breve, no una suspensión encubierta; se mandará trabajo y se avisará a la familia el mismo día si dura más de una clase.
W	school-c2s-unofficial-exclusion-void	schoolNotices	Sending a pupil home to cool off without a formal notice is unlawful; any such removal will be regularised or the pupil reinstated the next school day.	Mandar a casa a un alumno para que se temple sin acto formal es ilícito; ese alejamiento se regularizará o se reintegrará al alumno el siguiente día lectivo.
W	school-c2s-fixed-term-suspension	schoolNotices	The pupil is suspended for three school days for the reasons particularised overleaf; work will be set from the first day and alternative provision from the sixth if the period is extended.	Se suspende al alumno tres días lectivos por los motivos particularizados al dorso; se mandará trabajo desde el primer día y una alternativa desde el sexto si se alarga el plazo.
W	school-c2s-permanent-removal-notice	schoolNotices	The headteacher has directed that the pupil be permanently removed from the roll; the governing board must review that direction within fifteen school days.	La dirección ha acordado la baja definitiva de matrícula; el órgano de gobierno debe revisar esa medida en quince días lectivos.
W	school-c2s-reinstatement-panel-date	schoolNotices	The governing board will sit on the date below to decide whether to direct reinstatement; the family may attend, be represented at their own expense, or bring a friend.	El órgano de gobierno se reunirá en la fecha abajo para decidir si ordena la readmisión; la familia puede acudir, hacerse representar a su costa o traer a un allegado.
W	school-c2s-irp-fifteen-days	schoolNotices	If the board upholds permanent removal, an independent review may be requested within fifteen school days of written notice of that ruling.	Si el órgano confirma la baja, cabe pedir un reexamen independiente en los quince días lectivos siguientes al aviso escrito de ese fallo.
W	school-c2s-irp-sen-expert	schoolNotices	Where the pupil has identified special needs, the independent panel must include a specialist; the family may ask that the specialist's advice be given in writing.	Si el alumno tiene necesidades específicas reconocidas, el tribunal independiente debe incluir a un especialista; la familia puede pedir que su dictamen conste por escrito.
W	school-c2s-alternative-provision-sixth-day	schoolNotices	From the sixth school day of a suspension the local authority (or the school, if an academy) must arrange suitable full-time education elsewhere.	Desde el sexto día lectivo de una suspensión, la autoridad local (o el centro, si es autónomo) debe organizar enseñanza a tiempo completo en otro lugar.
W	school-c2s-looked-after-notify-virtual	schoolNotices	If the pupil is looked after, the virtual school head and the social worker will be told the same day; they may attend the review and lodge representations.	Si el alumno está bajo tutela, se avisará el mismo día al responsable de su escolarización y al trabajador social; pueden acudir a la revisión y formular alegaciones.
W	school-c2s-exclusion-lunchtime-counts	schoolNotices	A lunchtime-only removal counts as a half-day suspension and must be recorded as such; repeated use will trigger the same review thresholds.	Un apartamiento solo en el almuerzo cuenta como media jornada de suspensión y así debe constar; su uso reiterado activa los mismos umbrales de revisión.
W	school-c2s-cannot-extend-informally	schoolNotices	A suspension already served may not be lengthened informally; any further period requires a fresh notice stating distinct reasons.	Una suspensión ya cumplida no puede alargarse de tapadillo; cualquier plazo más exige un aviso nuevo con motivos distintos.
W	school-c2s-cancelled-exclusion-still-logged	schoolNotices	A cancelled removal remains on the school's log for monitoring; the family will still receive written confirmation that it was withdrawn.	Una baja anulada sigue en el registro del centro a efectos de control; la familia recibirá aun así confirmación escrita de que se retiró.
W	school-c2s-governor-duty-to-consider	schoolNotices	The board must consider parents' representations about any suspension, even where a meeting is not required by the length of the period.	El órgano debe examinar las alegaciones de los responsables sobre cualquier suspensión, aunque la duración no imponga una sesión.
W	school-c2s-clerk-papers-three-days	schoolNotices	The clerk will circulate the papers to all parties at least three school days before the review; late bundles may be refused if they would ambush the other side.	El secretario circulará los escritos a todas las partes al menos tres días lectivos antes de la revisión; pueden rechazarse los legajos tardíos si sorprenden a la otra parte.
W	school-c2s-statutory-appeal-time-limit	schoolNotices	Any challenge to this ruling must be lodged within the statutory time limit running from the date of service; a late challenge will be rejected as time-barred.	Cualquier impugnación de este fallo debe interponerse en el plazo legal que corre desde la notificación; una impugnación tardía se inadmitirá por caducidad.
W	school-c2s-independent-appeal-panel	schoolNotices	The independent panel will rehear the matter on the papers and, if requested, orally; it may uphold, quash, or remit with directions.	El tribunal independiente reexaminará el asunto sobre escritos y, si se pide, de viva voz; puede confirmar, anular o devolver con instrucciones.
W	school-c2s-grounds-of-challenge	schoolNotices	The grounds of challenge must be particularised; a bare assertion that the ruling is unfair will not be entertained.	Hay que particularizar los motivos de impugnación; no se admitirá la mera afirmación de que el fallo es injusto.
W	school-c2s-late-challenge-time-barred	schoolNotices	A challenge received after the last day will not be registered unless the clerk is satisfied that it was posted in time or that exceptional circumstances apply.	Una impugnación llegada después del último día no se registrará, salvo que la secretaría tenga por acreditado que se echó a correo a tiempo o que hay circunstancias excepcionales.
W	school-c2s-fresh-evidence-on-review	schoolNotices	Fresh evidence will be admitted on review only if it could not reasonably have been obtained before and if it might have altered the outcome.	Solo se admitirán pruebas nuevas en revisión si no pudieron recabarse antes y si habrían podido alterar el resultado.
W	school-c2s-oral-hearing-right	schoolNotices	The family has a right to an oral hearing unless they elect a paper-only review in writing; the pupil will be heard if they wish to speak.	La familia tiene derecho a comparecencia oral, salvo que elija por escrito un reexamen solo sobre escritos; se oirá al alumno si desea hablar.
W	school-c2s-written-only-review	schoolNotices	Where both sides agree, the review will be determined on the papers alone; no further oral submissions will be received after the bundle closes.	Si ambas partes lo aceptan, la revisión se resolverá solo sobre escritos; no se recibirán más exposiciones orales tras cerrarse el legajo.
W	school-c2s-ombudsman-after-exhaustion	schoolNotices	A complaint to the local government ombudsman (or the education ombudsman) may be made only after internal remedies have been exhausted.	Solo cabe acudir al defensor local (o al defensor del ámbito educativo) cuando se hayan agotado las vías internas.
W	school-c2s-preaction-letter-required	schoolNotices	Before any claim for judicial review is issued, a pre-action letter setting out the alleged unlawfulness must be sent and a reasonable time allowed for a reply.	Antes de interponer recurso contencioso, debe enviarse un escrito previo que exponga la ilegalidad alegada y dejarse un plazo razonable de contestación.
W	school-c2s-stay-of-ruling-refused	schoolNotices	A stay of this ruling has been refused; the measure remains enforceable pending any further challenge unless a court orders otherwise.	Se ha denegado la suspensión de este fallo; la medida sigue siendo ejecutiva en tanto no haya otra impugnación, salvo orden judicial en contrario.
W	school-c2s-no-costs-against-family	schoolNotices	No order for costs will be sought against the family at the independent review; each side bears its own outlay unless the panel finds the challenge was abusive.	No se pedirán costas contra la familia en el reexamen independiente; cada parte carga con lo suyo, salvo que el tribunal califique la impugnación de abusiva.
W	school-c2s-service-deemed-second-day	schoolNotices	Notice sent by first-class post is deemed served on the second working day after posting; electronic service is valid only if the family has agreed to it in writing.	El aviso enviado por correo preferente se tiene por notificado el segundo día hábil tras el depósito; la vía electrónica solo vale si la familia la aceptó por escrito.
W	school-c2s-oversubscription-criteria	schoolNotices	Places were allocated strictly in the published order of priority; distance was used only as a last tie-break after looked-after and sibling categories.	Las plazas se adjudicaron estrictamente según el orden de prelación publicado; la distancia solo desempató después de las categorías de tutela y de hermanos.
W	school-c2s-catchment-redrawn	schoolNotices	The catchment has been redrawn for the next intake; living in the former zone confers no residual claim once the new map takes effect.	Se ha redibujado el área de influencia para el próximo ingreso; vivir en la zona antigua no da derecho residual cuando rija el nuevo mapa.
W	school-c2s-sibling-priority-withdrawn	schoolNotices	Sibling priority does not apply where the elder child will have left before the younger starts; a place already offered on that ground will be withdrawn.	La prelación por hermanos no rige si el mayor habrá salido antes de que entre el menor; se retirará una plaza ya ofrecida por ese motivo.
W	school-c2s-faith-criterion-evidence	schoolNotices	Where a faith criterion is relied upon, the minister's certificate must be on the form prescribed; a letter in free form will not be accepted.	Si se invoca un criterio confesional, el certificado del ministro de culto ha de ir en el impreso preceptivo; no se aceptará una carta en forma libre.
W	school-c2s-looked-after-first-priority	schoolNotices	Looked-after and previously looked-after children take first priority, including those adopted from care abroad; this overrides distance and catchment.	El alumnado en tutela o que lo estuvo tiene la primera prelación, también el adoptado tras un acogimiento en el extranjero; ello prima sobre distancia y zona.
W	school-c2s-distance-tie-break-method	schoolNotices	Distance is measured by the shortest safe walking route from the front gate to the child's ordinary residence; a business address will be disregarded.	La distancia se mide por el trayecto peatonal seguro más corto, de la verja al domicilio habitual del menor; se desestimará un domicilio laboral.
W	school-c2s-admission-challenge-lodged	schoolNotices	Your challenge to the refusal of a place has been registered; the clerk will write with the hearing date and the deadline for the statement of case.	Su impugnación de la denegación de plaza ha quedado registrada; la secretaría escribirá con la fecha de comparecencia y el plazo del escrito de alegaciones.
W	school-c2s-infant-class-size-limit	schoolNotices	In the infant years the lawful class size is thirty; a panel may only uphold a challenge if the admission was unlawful, or if the child would have been offered a place had the scheme been applied properly.	En los primeros cursos el cupo legal es de treinta; un tribunal solo puede estimar la impugnación si la admisión fue ilícita, o si al niño le habría correspondido plaza de haberse aplicado bien el baremo.
W	school-c2s-in-year-place-refused	schoolNotices	The in-year application is refused because the year group is full; the child's name will be placed on the waiting list ranked by the published criteria.	Se deniega la solicitud a lo largo del curso porque el curso está completo; el nombre del menor se pondrá en lista de espera ordenada por los criterios publicados.
W	school-c2s-waiting-list-re-ranked	schoolNotices	The waiting list is re-ranked whenever a name is added; a place higher up today does not guarantee the same rank next week.	La lista de espera se reordena cada vez que se añade un nombre; un puesto más alto hoy no garantiza el mismo rango la semana que viene.
W	school-c2s-false-address-withdrawal	schoolNotices	A place obtained on a false address will be withdrawn; the family may ask for a review of that withdrawal within ten school days.	Se retirará una plaza obtenida con un domicilio falso; la familia puede pedir la revisión de ese retiro en diez días lectivos.
W	school-c2s-deferred-entry-refused	schoolNotices	A request to defer entry to reception by a full year is refused; the child remains entitled to start in the September following their fourth birthday.	Se deniega el aplazamiento de un año para entrar en infantil; el menor sigue teniendo derecho a empezar en septiembre tras cumplir cuatro años.
W	school-c2s-summer-born-request	schoolNotices	A request that a summer-born child start reception a year late will be decided in the child's best interests after taking the headteacher's view and any clinical advice.	La petición de que un niño nacido en verano entre en infantil un año más tarde se resolverá en su interés superior, oída la dirección y cualquier dictamen sanitario.
W	school-c2s-multiple-birth-split	schoolNotices	Twins will not be split across two schools where a lawful place remains for both; if only one place is left, both names will be referred to the allocation panel.	No se separará a mellizos entre dos centros si queda una plaza lícita para ambos; si solo queda una, ambos nombres se elevarán a la comisión de adjudicación.
W	school-c2s-lawful-basis-changed	schoolNotices	The school will no longer rely on consent for the class list circulated to families; the lawful basis is now the performance of a public task, and you may object on grounds relating to your particular situation.	El centro ya no se apoyará en la anuencia para la lista de clase que se pasa a las familias; el título habilitante es ahora el cumplimiento de una misión pública, y puede oponerse por motivos de su situación particular.
W	school-c2s-data-subject-access	schoolNotices	A request to see the personal data we hold will be met within one month; we may extend by two further months if the request is complex, and we will tell you why.	Se atenderá en un mes la petición de ver los datos que obran en nuestro poder; cabe prorrogarla dos meses más si es compleja, y se dirá el porqué.
W	school-c2s-rectification-request	schoolNotices	Inaccurate particulars will be rectified without undue delay once we are satisfied of the error; a note of the dispute will be kept if we cannot verify the correction.	Las menciones inexactas se rectificarán sin dilación indebida cuando quede acreditado el error; se guardará nota de la discrepancia si no podemos verificar la corrección.
W	school-c2s-erasure-refused-statutory	schoolNotices	Erasure is refused because the record must be kept to meet a statutory duty (attendance, safeguarding or examination); you may complain to the supervisory authority.	Se deniega la supresión porque el asiento debe guardarse para cumplir un deber legal (asistencia, tutela o pruebas); puede reclamarse ante la autoridad de control.
W	school-c2s-portability-pack	schoolNotices	Where the lawful basis is consent or contract, you may receive a portable copy of the data you supplied; data generated by the school in the exercise of public authority is outside that right.	Si el título es la anuencia o el contrato, puede recibir copia portable de los datos que aportó; los que el centro genera en ejercicio de potestad pública quedan fuera de ese derecho.
W	school-c2s-processor-agreement	schoolNotices	A contractor who processes pupil data on our behalf does so under a written agreement that forbids use for the contractor's own purposes and requires deletion at the end of the task.	Un contratista que trata datos del alumnado por nuestra cuenta lo hace bajo un escrito que le veda usarlos en provecho propio y le impone borrarlos al terminar el encargo.
W	school-c2s-data-breach-notify	schoolNotices	A personal-data breach likely to result in a high risk to rights has occurred; the supervisory authority has been told and this notice sets out the nature of the breach and the steps you should take.	Ha ocurrido una quiebra de datos personales que puede entrañar un riesgo alto para los derechos; se ha avisado a la autoridad de control y este aviso expone la índole de la falla y las medidas que debe adoptar.
W	school-c2s-retention-schedule	schoolNotices	Papers are kept only for as long as the published retention schedule requires; after that they are destroyed securely or anonymised so that no pupil can be identified.	Los escritos se guardan solo el tiempo que marca el cuadro de plazos publicado; luego se destruyen con seguridad o se anonimizan de modo que no se identifique a ningún alumno.
W	school-c2s-biometric-opt-out	schoolNotices	Use of a fingerprint or facial template for the canteen is optional; a refusal will not deprive the pupil of a meal and an alternative token will be issued.	El uso de huella o plantilla facial en el comedor es potestativo; una negativa no privará al alumno de comida y se entregará una ficha alternativa.
W	school-c2s-cctv-purpose-limitation	schoolNotices	Cameras are operated solely to protect persons and property; footage will not be used for ordinary conduct management and will be overwritten within the published period.	Las cámaras se usan solo para proteger a personas y bienes; las imágenes no servirán para la gestión ordinaria de la conducta y se sobrescribirán en el plazo publicado.
W	school-c2s-third-country-transfer	schoolNotices	No pupil data will be sent to a country outside the European area unless an adequacy finding exists or appropriate safeguards have been put in place and you have been told.	No se enviarán datos de alumnos fuera del espacio europeo salvo que exista una decisión de adecuación o se hayan dispuesto garantías adecuadas, de las que se les informará.
W	school-c2s-profiling-prohibition	schoolNotices	Automated profiling will not be used to decide a place, a sanction or an examination grade; any significant decision will be taken by a named member of staff who can be challenged.	No se usará perfilado automático para resolver una plaza, una corrección o una calificación; toda resolución de peso la tomará un miembro del personal nominado, impugnable.
W	school-c2s-parental-access-vs-child	schoolNotices	Where a child is old enough to understand, their own request to see their file takes precedence over a parent's; we will not disclose against the child's clearly expressed wishes without a court order.	Si el menor tiene edad para comprender, su propia petición de ver el expediente prima sobre la de un progenitor; no se revelará contra su voluntad claramente expresada sin orden judicial.
W	school-c2s-mailing-list-withdraw	schoolNotices	You may withdraw from non-essential circulars at any time; operational notices (closure, safeguarding, attendance) will still be sent because they are necessary for the public task.	Puede darse de baja en cualquier momento de las circulares no esenciales; los avisos de funcionamiento (cierre, tutela, asistencia) seguirán enviándose por ser necesarios para la misión pública.
W	school-c2s-cookie-wall-forbidden	schoolNotices	Access to the parent portal will not be made conditional on accepting analytics cookies; only those strictly necessary for the service will be set without a choice.	El acceso al portal de familias no se condicionará a aceptar cookies de medición; solo se instalarán sin opción las estrictamente necesarias para el servicio.
W	school-c2s-attendance-order-warning	schoolNotices	If suitable education is not arranged, the local authority may serve a school attendance order; failure to comply is a criminal offence.	Si no se organiza una enseñanza adecuada, la autoridad local puede notificar una orden de escolarización; no cumplirla es una infracción penal.
W	school-c2s-education-supervision-order	schoolNotices	The authority intends to apply for an education supervision order; a social worker would then have a duty to advise, assist and befriend the family.	La autoridad pretende solicitar una medida de supervisión educativa; un trabajador social tendría entonces el deber de aconsejar, ayudar y acompañar a la familia.
W	school-c2s-penalty-notice-absence	schoolNotices	A penalty notice may be issued for unauthorised absence; unpaid, it may be followed by a prosecution in the magistrates' court.	Puede imponerse una multa tasada por falta no autorizada; si no se paga, pueden seguirse diligencias ante el juzgado de faltas.
W	school-c2s-prosecution-threshold	schoolNotices	Prosecution will be considered where absence is persistent and offers of support have been refused or have failed; the maximum penalty on conviction is a fine.	Se contemplará el enjuiciamiento si la ausencia es persistente y las ofertas de apoyo se rechazaron o fracasaron; la pena máxima en caso de condena es una multa.
W	school-c2s-home-education-enquiry	schoolNotices	The authority is not satisfied that the education provided otherwise than at school is suitable; you are asked to produce a report of the work and the outcomes within fifteen working days.	La autoridad no tiene por adecuada la enseñanza impartida fuera del centro; se les pide un informe de los trabajos y los resultados en quince días hábiles.
W	school-c2s-suitable-education-doubt	schoolNotices	If doubt remains after that report, the authority may serve a notice requiring the child to attend a named school; you may ask for a review of that notice.	Si la duda persiste tras ese informe, la autoridad puede exigir que el menor acuda a un centro designado; puede pedirse la revisión de esa exigencia.
W	school-c2s-school-attendance-meeting	schoolNotices	A formal attendance meeting will be held on the date below; failure to attend without good reason may be treated as a refusal of support and may be cited in later proceedings.	Habrá una reunión formal sobre la asistencia en la fecha abajo; no acudir sin causa justificada puede tenerse por rechazo del apoyo e invocarse en un trámite posterior.
W	school-c2s-persistent-absence-referral	schoolNotices	Persistent absence has been referred to the education welfare service; a plan will be drawn up and reviewed, and legal action remains possible if it is not followed.	La ausencia persistente se ha comunicado al servicio de absentismo; se elaborará un plan y se revisará, y cabe actuar en vía legal si no se sigue.
W	school-c2s-holiday-in-term-refused	schoolNotices	Leave in term time is refused; the trip is not an exceptional circumstance within the meaning of the regulations, and any absence will be marked unauthorised.	Se deniega el permiso en período lectivo; el viaje no es una circunstancia excepcional a tenor del reglamento, y cualquier falta se marcará como no autorizada.
W	school-c2s-part-time-timetable-time-limited	schoolNotices	A part-time timetable may be used only as a short-term measure with a published end date and a plan to return to full time; it is not a long-term solution to unmet need.	Un horario a tiempo parcial solo puede usarse como medida breve, con fecha de fin publicada y un plan de vuelta a jornada completa; no es solución duradera a una necesidad no atendida.
W	school-c2s-sixteen-duty-ends	schoolNotices	The parental duty to secure full-time education ends at sixteen; participation in education or training until eighteen is a separate duty on the young person, not on the school roll.	El deber paterno de asegurar enseñanza a tiempo completo cesa a los dieciséis; la participación formativa hasta los dieciocho es un deber distinto del joven, no una plaza en el registro del centro.
W	school-c2s-dual-registration-duties	schoolNotices	While the pupil is dual-registered, both settings share the duty to record attendance and to follow up unexplained absence the same day.	Mientras el alumno figure con doble matrícula, ambos centros comparten el deber de anotar la asistencia y de indagar el mismo día una falta sin explicar.
W	school-c2s-traveller-absence-limits	schoolNotices	Absence for the family's itinerant trade may be authorised only if the child has already attended for the minimum number of sessions and is expected to return.	La falta por el oficio itinerante de la familia solo puede autorizarse si el menor ya ha cursado el mínimo de sesiones y se espera su regreso.
W	school-c2s-access-arrangements-deadline	schoolNotices	Applications for access arrangements must reach the examinations officer by the published deadline, with evidence that the need is the pupil's normal way of working.	Las solicitudes de adaptación deben llegar al responsable de pruebas antes de la fecha límite publicada, con prueba de que la necesidad es el modo habitual de trabajo del alumno.
W	school-c2s-extra-time-evidence	schoolNotices	Extra time will be recommended only where a specialist assessment shows a substantial and long-term impairment of speed; a teacher's impression alone will not suffice.	Solo se propondrá tiempo añadido si una evaluación especializada acredita un menoscabo sustancial y duradero de la rapidez; no bastará la impresión de un docente.
W	school-c2s-scribe-or-reader	schoolNotices	A scribe or a reader may be provided where the impairment prevents the pupil from writing or reading independently; the helper may not explain or rephrase the question.	Puede facilitarse un amanuense o un lector si el menoscabo impide al alumno escribir o leer por sí; quien ayude no puede explicar ni reformular la pregunta.
W	school-c2s-separate-invigilation	schoolNotices	Separate invigilation will be arranged where sitting with others would substantially worsen the impairment; it is not granted merely because the pupil is anxious.	Se organizará vigilancia aparte si examinar con otros agravaría de modo sustancial el menoscabo; no se concede por la sola ansiedad del alumno.
W	school-c2s-modified-papers	schoolNotices	Enlarged or modified papers must be ordered by the awarding body's deadline; a late order may be refused even where the need is not in doubt.	Los enunciados ampliados o adaptados deben pedirse antes de la fecha límite del organismo certificador; un pedido tardío puede denegarse aunque la necesidad no ofrezca duda.
W	school-c2s-rest-breaks-not-extra-time	schoolNotices	Supervised rest breaks pause the clock and are not the same as extra time; they will be offered where fatigue or a medical need makes continuous working unreasonable.	Los descansos vigilados detienen el reloj y no equivalen a tiempo añadido; se ofrecerán si el cansancio o una necesidad sanitaria hace irrazonable el trabajo continuo.
W	school-c2s-bilingual-dictionary-ban	schoolNotices	A bilingual dictionary is forbidden in papers that test language or where the awarding body has banned it; unauthorised use will be treated as malpractice.	Queda vedado el diccionario bilingüe en las pruebas que evalúan la lengua o cuando el organismo lo haya prohibido; un uso no autorizado se tendrá por fraude.
W	school-c2s-word-processor-conditions	schoolNotices	A word processor may be used only if it is the pupil's normal way of working and spell-check, grammar-check and predictive text are disabled unless an assessment requires otherwise.	Solo cabe un procesador si es el modo habitual del alumno y si el corrector, la gramática y el texto predictivo están desactivados, salvo que una evaluación disponga otra cosa.
W	school-c2s-special-consideration-window	schoolNotices	A request for special consideration after illness or bereavement must be lodged within seven days of the last paper; later requests will be rejected unless the awarding body agrees.	La petición de consideración especial tras enfermedad o duelo debe formularse en los siete días siguientes a la última prueba; después se rechazará salvo que el organismo acceda.
W	school-c2s-malpractice-allegation	schoolNotices	An allegation of malpractice has been referred to the awarding body; the pupil may submit a written account within ten working days and will be told the outcome.	Se ha elevado al organismo certificador una imputación de fraude; el alumno puede presentar un relato escrito en diez días hábiles y se le comunicará el resultado.
W	school-c2s-results-enquiry-deadline	schoolNotices	A clerical check or a review of marking must be requested by the school's published deadline, which is earlier than the awarding body's; a late request cannot be processed.	Una comprobación formal o una revisión de la calificación debe pedirse antes de la fecha límite que publique el centro, anterior a la del organismo; una petición tardía no podrá tramitarse.
W	school-c2s-award-body-challenge	schoolNotices	If the school will not support an enquiry, the family may ask the awarding body directly in the limited cases the regulations allow; the fee is payable in advance and refunded if the grade changes.	Si el centro no apoya la reclamación, la familia puede acudir al organismo en los casos tasados que el reglamento permite; la tasa se paga por adelantado y se devuelve si cambia la nota.
W	school-c2s-budget-virement-adopted	schoolNotices	The governing board has authorised a virement between budget heads as set out in the confidential annex; the published totals for the year remain unchanged.	El órgano de gobierno ha autorizado una transferencia entre partidas, según el anexo reservado; los totales publicados del año siguen iguales.
W	school-c2s-charging-and-remissions	schoolNotices	The charging and remissions policy has been determined for the next year; no pupil will be excluded from a required activity because a voluntary contribution is unpaid.	Se ha fijado la política de cobros y exenciones para el año siguiente; ningún alumno será apartado de una actividad preceptiva por no pagar una aportación voluntaria.
W	school-c2s-uniform-policy-amended	schoolNotices	The uniform policy has been amended to remove branded items that cannot be bought from more than one supplier; existing stock may be worn until the end of the year.	Se ha modificado la norma de vestimenta para quitar prendas de marca que no puedan comprarse en más de un proveedor; el stock actual podrá usarse hasta fin de curso.
W	school-c2s-admissions-policy-determined	schoolNotices	The admissions policy for the year after next has been determined and sent to the local authority; objections may be made to the adjudicator by the published date.	Se ha fijado la política de admisión para el año siguiente al que viene y se ha enviado a la autoridad local; caben objeciones ante el árbitro hasta la fecha publicada.
W	school-c2s-headteacher-appointment	schoolNotices	The board has appointed a headteacher with effect from the date below; until then the deputy will act with the full authority of the post.	El órgano ha nombrado a quien dirigirá el centro desde la fecha abajo; hasta entonces el adjunto obrará con la plena autoridad del cargo.
W	school-c2s-inspectorate-action-plan	schoolNotices	The board has adopted the action plan required after the inspectorate's visit; progress will be reviewed each half-term and the plan published on the school website.	El órgano ha adoptado el plan de acción exigido tras la visita de los servicios de fiscalización; el avance se revisará cada medio trimestre y el plan se publicará en la web del centro.
W	school-c2s-premises-let-refused	schoolNotices	A request to let the hall to an outside body has been refused because the proposed use would conflict with the school's charitable objects or with safeguarding duties.	Se ha denegado el alquiler del salón a un tercero porque el uso previsto chocaría con los fines benéficos del centro o con los deberes de tutela.
W	school-c2s-surplus-places-reduction	schoolNotices	The board proposes to reduce the published admission number because surplus places are harming the school's organisation; a statutory sounding will run for four weeks.	El órgano propone reducir el número de plazas publicado porque los puestos vacantes dañan la organización; un trámite de audiencia durará cuatro semanas.
W	school-c2s-federation-proposal	schoolNotices	A proposal to federate with the neighbouring school is under consideration; staff and families will be sounded before any instrument is sealed.	Se estudia federarse con el centro vecino; se oirá al personal y a las familias antes de sellar el instrumento.
W	school-c2s-academy-conversion-ballot	schoolNotices	The board intends to seek an academy order; a ballot of staff and a sounding of families will be held, but the legal power to apply rests with the board alone.	El órgano pretende solicitar la conversión en centro autónomo; habrá votación del personal y sondeo de las familias, pero la potestad de pedirla recae solo en el órgano.
W	school-c2s-instrument-of-government	schoolNotices	The instrument of government has been varied by the local authority; the new composition of the board takes effect on the date specified in the instrument.	La autoridad local ha variado el instrumento de gobierno; la nueva composición del órgano rige desde la fecha que el instrumento señala.
W	school-c2s-governor-disqualification	schoolNotices	A governor has been disqualified for non-attendance; a casual vacancy now exists and nominations are invited from the relevant constituency.	Un consejero ha sido inhabilitado por inasistencia; queda una vacante accidental y se piden candidaturas del estamento correspondiente.
W	school-c2s-public-minutes-redacted	schoolNotices	Public minutes will be published after the next meeting, with reserved items redacted; anyone may inspect the public part at the school office.	El acta pública se publicará tras la próxima sesión, con los puntos reservados tachados; cualquiera puede consultar la parte pública en secretaría.
W	school-c2s-reserved-business-closed	schoolNotices	Items concerning a named pupil, a member of staff or a commercial tender will be taken in closed session; those with a conflict will withdraw.	Los puntos sobre un alumno nominado, un miembro del personal o un concurso se tratarán a puerta cerrada; quienes tengan conflicto se retirarán.
W	school-c2s-occupiers-liability-notice	schoolNotices	Persons entering the grounds do so as visitors to whom a duty of care is owed; obvious risks that a visitor might reasonably be expected to notice are excepted.	Quienes entren en el recinto lo hacen como visitantes a quienes se debe un deber de cuidado; se exceptúan los riesgos evidentes que un visitante puede razonablemente advertir.
W	school-c2s-trip-disclaimer-void	schoolNotices	A disclaimer purporting to exclude liability for death or personal injury caused by negligence is void; families will still be asked to disclose medical needs so that reasonable steps can be taken.	Es nula la cláusula que pretenda excluir la responsabilidad por muerte o lesión causada por culpa; aun así se pedirá a las familias que declaren las necesidades sanitarias para poder adoptar medidas razonables.
W	school-c2s-personal-injury-claim-route	schoolNotices	A claim for personal injury arising from an alleged breach of duty should be sent to the school's insurer at the address below, not to the class teacher.	Una reclamación por lesión imputada a un incumplimiento del deber debe enviarse al asegurador del centro, a la dirección abajo, no al tutor de la clase.
W	school-c2s-lost-property-no-liability	schoolNotices	The school accepts no liability for loss of money or valuables brought onto the premises contrary to the published rule; named items in the lost-property store will be kept for one term.	El centro no asume responsabilidad por la pérdida de dinero u objetos de valor introducidos contra la norma publicada; lo nominado en el depósito de hallados se guardará un trimestre.
W	school-c2s-parent-volunteer-insured	schoolNotices	Parent volunteers acting under the school's direction are covered by the school's liability policy; they must not take pupils off-site without a named member of staff.	Los padres voluntarios que obran bajo la dirección del centro están cubiertos por su póliza de responsabilidad; no deben sacar alumnos del recinto sin un miembro del personal nominado.
W	school-c2s-work-experience-indemnity	schoolNotices	The host employer remains primarily liable for a pupil on work experience; the school will not place a pupil where the employer's insurance is not evidenced in writing.	El empleador de acogida sigue siendo el primer responsable del alumno en prácticas; el centro no colocará a nadie donde no conste por escrito el seguro del empleador.
W	school-c2s-third-party-contractor	schoolNotices	Building contractors on site are not servants of the school; claims arising from their works should be directed to the contractor named on the hoarding.	Las constructoras en obra no son dependientes del centro; las reclamaciones nacidas de sus trabajos deben dirigirse a la empresa que figure en la valla.
W	school-c2s-contributory-negligence	schoolNotices	If a pupil ignores a clear warning and suffers harm, any award may be reduced for contributory fault; this does not extinguish the school's own duty.	Si un alumno ignora un aviso claro y sufre daño, la indemnización puede reducirse por culpa concurrente; ello no extingue el deber propio del centro.
W	school-c2s-limitation-period-injury	schoolNotices	A claim for personal injury is generally time-barred three years after the date of knowledge; claims on behalf of a child may be brought until three years after the eighteenth birthday.	Una acción por lesión suele caducar a los tres años desde que se tuvo conocimiento; la de un menor puede ejercitarse hasta tres años después de cumplir dieciocho.
W	school-c2s-public-liability-certificate	schoolNotices	A copy of the public-liability certificate is available at the office; production of the certificate does not amount to an admission of fault.	Hay copia del certificado de responsabilidad civil en secretaría; exhibirlo no equivale a un reconocimiento de culpa.
W	school-c2s-damage-to-school-property	schoolNotices	The family will be asked to meet the reasonable cost of damage caused by a pupil's deliberate act; inability to pay will be considered before any civil claim is issued.	Se pedirá a la familia que cubra el coste razonable de los daños causados por un acto deliberado del alumno; se sopesará la imposibilidad de pagar antes de demandar en vía civil.
W	school-c2s-unsupervised-playground-risk	schoolNotices	The playground is not supervised before the published opening time; persons on site before that hour do so at their own risk save for hidden dangers the school ought to have known.	El patio no está vigilado antes de la hora de apertura publicada; quienes estén antes lo hacen a su riesgo, salvo peligros ocultos que el centro debiera conocer.
W	school-c2s-section-47-enquiry	schoolNotices	A child-protection enquiry has been opened by the local authority; the school will share information without the family's agreement where that is necessary to protect the child.	La autoridad local ha abierto una indagación de protección; el centro compartirá datos sin el acuerdo de la familia cuando sea preciso para proteger al menor.
W	school-c2s-designated-safeguarding-lead	schoolNotices	All concerns must be reported the same day to the designated lead named below, or to their deputy if they are absent; staff must not investigate themselves.	Toda inquietud debe comunicarse el mismo día al responsable designado abajo, o a su suplente si falta; el personal no debe indagar por su cuenta.
W	school-c2s-disclosure-without-consent	schoolNotices	Information may be shared without consent if seeking it would increase the risk of harm or would unduly delay a protective step; a record of the reason will be kept.	Pueden compartirse datos sin anuencia si pedirla aumentara el riesgo de daño o retrasara indebidamente una medida de tutela; se hará constar el motivo.
W	school-c2s-ladd-referral	schoolNotices	An allegation that a member of staff has harmed a child will be referred to the local authority designated officer the same working day, before any suspension is decided.	Una imputación de que un miembro del personal ha dañado a un menor se elevará el mismo día hábil al responsable de la autoridad local, antes de acordar suspensión alguna.
W	school-c2s-prevent-duty-concern	schoolNotices	A concern that a pupil is at risk of being drawn into terrorism will be referred under the Prevent duty; the family will be told unless to do so would increase the risk.	Una sospecha de que un alumno corre riesgo de ser captado por el terrorismo se comunicará en virtud del deber de prevención; se avisará a la familia salvo que ello aumente el riesgo.
W	school-c2s-child-missing-education	schoolNotices	A pupil who has not attended for ten school days without explanation will be reported as a child missing education; the roll will not be closed until the authority agrees.	Un alumno que falte diez días lectivos sin explicación se comunicará como menor desescolarizado; no se cerrará la matrícula hasta que la autoridad lo acepte.
W	school-c2s-private-fostering-notify	schoolNotices	If a child under sixteen is to live with someone who is not a close relative for twenty-eight days or more, the local authority must be told; failure to notify is an offence.	Si un menor de dieciséis va a vivir veintiocho días o más con alguien que no es pariente cercano, hay que avisarlo a la autoridad local; no comunicarlo es una infracción.
W	school-c2s-fgm-mandatory-report	schoolNotices	A teacher who is told by a girl under eighteen that female genital mutilation has been carried out must report it to the police the same working day; this duty is personal and cannot be delegated.	Un docente a quien una menor de dieciocho diga que se le ha practicado una mutilación genital debe comunicarlo a la policía el mismo día hábil; ese deber es personal e indelegable.
W	school-c2s-peer-on-peer-abuse	schoolNotices	Harm caused by another pupil will be treated as a safeguarding matter, not merely as poor behaviour; both families will be told what can lawfully be shared.	El daño causado por otro alumno se tratará como asunto de tutela, no como mera mala conducta; se dirá a ambas familias lo que quepa compartir lícitamente.
W	school-c2s-online-harm-filter	schoolNotices	Filtering and monitoring of school devices is a safeguarding duty, not optional surveillance; logs will be reviewed and a concern escalated the same day if harm is indicated.	El filtrado y la vigilancia de los dispositivos del centro son un deber de tutela, no una fiscalización potestativa; se revisarán los registros y se elevará la alerta el mismo día si hay indicios de daño.
W	school-c2s-visitor-dbs-requirement	schoolNotices	Regular unsupervised visitors who work with children must have an enhanced criminal-record check; a one-off visitor will be escorted and will not be left alone with pupils.	Los visitantes habituales sin vigilancia que trabajen con menores deben tener una comprobación reforzada de antecedentes; un visitante ocasional irá acompañado y no se quedará solo con el alumnado.
W	school-c2s-whistleblowing-channel	schoolNotices	Staff who reasonably believe that a safeguarding failure is being concealed may raise it outside the line-management chain, including with the local authority or the inspectorate.	El personal que siente, con fundamento, que se oculta un fallo de tutela puede denunciarlo fuera de la vía jerárquica, incluso ante la autoridad local o los servicios de fiscalización.
W	school-c2s-locked-door-protocol	schoolNotices	External doors will be locked during the school day; a visitor who arrives without an appointment will wait in the lobby until identity is verified and a badge issued.	Las puertas exteriores permanecerán cerradas con llave durante la jornada; un visitante sin cita esperará en el vestíbulo hasta verificar su identidad y entregarle una acreditación.
W	school-c2s-collection-by-unauthorised	schoolNotices	A child will not be released to a person who is not named on the collection list, even if the child recognises them; a verbal message brought by the child will not suffice.	No se entregará al menor a quien no figure en la lista de recogida, aunque el niño lo reconozca; no bastará un recado oral traído por el propio alumno.
W	school-c2s-court-order-collection	schoolNotices	Where a court order restricts who may collect the child, a sealed copy must be on file; staff will follow the order even if both parents attend and disagree at the gate.	Si una resolución judicial limita quién puede recoger al menor, debe obrar en el expediente copia fehaciente; el personal seguirá esa resolución aunque ambos progenitores acudan y discrepen en la puerta.
W	school-c2s-closure-sounding-opens	schoolNotices	A statutory sounding on the proposed closure of the school opens today and runs for six weeks; representations will be published with the decision-maker's reasons.	Hoy se abre, por seis semanas, el trámite de audiencia sobre el cierre previsto del centro; las alegaciones se publicarán con los motivos de quien resuelva.
W	school-c2s-age-range-change	schoolNotices	A change to the school's age range is proposed; anyone may lodge representations by the date below, and a public meeting will be held on the date specified.	Se propone cambiar la franja de edad del centro; cualquiera puede formular alegaciones hasta la fecha abajo, y habrá una reunión pública en la fecha señalada.
W	school-c2s-published-admission-number	schoolNotices	The published admission number is proposed to fall from sixty to thirty; the sounding will test whether the reduced number would still meet local need.	El número de plazas publicado pasaría de sesenta a treinta; el trámite comprobará si ese cupo reducido seguiría cubriendo la necesidad local.
W	school-c2s-sen-unit-redesignation	schoolNotices	Redesignation of the specialist unit is proposed; families of pupils already placed there will be written to individually and will have a longer period in which to respond.	Se propone redesignar la unidad especializada; se escribirá por separado a las familias del alumnado ya escolarizado allí y tendrán un plazo más largo para contestar.
W	school-c2s-religious-character-change	schoolNotices	A change of religious character (or its removal) requires the consent of the trustees and a statutory sounding; a place already offered will not be withdrawn solely because of that change.	Un cambio del carácter religioso (o su supresión) exige el plácet de los patronos y un trámite de audiencia; no se retirará una plaza ya ofrecida solo por ese cambio.
W	school-c2s-site-relocation	schoolNotices	Relocation to a temporary site is proposed while the main building is rebuilt; transport arrangements and the effect on the school day will be set out in the sounding pack.	Se propone el traslado a un recinto provisional mientras se reconstruye el edificio principal; el dossier del trámite expondrá el transporte y el efecto sobre la jornada.
W	school-c2s-representation-period	schoolNotices	Representations received after the closing date will not be considered unless the decision-maker is satisfied that they were posted in time or that exceptional circumstances apply.	Las alegaciones llegadas después del cierre no se examinarán, salvo que quien resuelva tenga por acreditado que se echaron a correo a tiempo o que hay circunstancias excepcionales.
W	school-c2s-outcome-statement	schoolNotices	The decision-maker's statement of reasons will be published within one week of the ruling; those who lodged representations will be written to the same day.	El escrito de motivos de quien resuelva se publicará en la semana del fallo; a quienes formularon alegaciones se les escribirá el mismo día.
W	school-c2s-predetermination-allegation	schoolNotices	An allegation that the outcome was predetermined will be considered if particularised; a mere disagreement with the proposal is not evidence of a closed mind.	Se examinará la imputación de que el resultado estaba prefijado si se particulariza; el mero desacuerdo con la propuesta no prueba una mente cerrada.
W	school-c2s-equality-impact-assessment	schoolNotices	An equality impact assessment accompanies the proposal; anyone who considers that a protected group would be disproportionately harmed may say so in their representation.	El proyecto va acompañado de un estudio de impacto sobre la igualdad; quien considere que un grupo protegido saldría desproporcionadamente perjudicado puede decirlo en su alegación.
W	school-c2s-unannounced-visit	schoolNotices	The inspectorate may arrive without notice; staff and families should be ready to produce the papers it specifies and to allow inspectors to speak to pupils.	Los servicios de fiscalización pueden llegar sin aviso; el personal y las familias deben estar listos para aportar los escritos que señalen y para que hablen con el alumnado.
W	school-c2s-section-eight-monitoring	schoolNotices	This visit is a monitoring inspection, not a full graded inspection; the letter that follows will say whether the school remains on course or whether a fuller visit is needed.	Esta visita es de seguimiento, no una evaluación completa con nota; la carta posterior dirá si el centro sigue en buen rumbo o si hace falta una visita más amplia.
W	school-c2s-deep-dive-subjects	schoolNotices	Inspectors will conduct deep dives in the subjects named overleaf; they may visit lessons, look at books and talk to pupils about what they remember.	Los inspectores harán inmersiones profundas en las materias indicadas al dorso; podrán entrar en clase, ver cuadernos y hablar con el alumnado de lo que recuerdan.
W	school-c2s-parent-view-questionnaire	schoolNotices	Families are invited to complete the inspectorate's questionnaire before the visit; free-text comments are read, but abusive language will be disregarded.	Se invita a las familias a cumplimentar el cuestionario de la autoridad educativa antes de la visita; se leen los comentarios libres, pero se desestimará el lenguaje injurioso.
W	school-c2s-inadequate-judgement	schoolNotices	A judgement that the school is inadequate will trigger an academy order or special measures; the board will write to families the same day the report is published.	Un fallo de insuficiencia activará la conversión forzada o medidas especiales; el órgano escribirá a las familias el mismo día que se publique el informe.
W	school-c2s-requires-improvement-plan	schoolNotices	A requires-improvement judgement means the board must adopt a time-limited plan and report progress each term until the next full visit.	Un fallo de « necesita mejorar » obliga al órgano a adoptar un plan de plazo tasado y a informar cada trimestre hasta la próxima visita completa.
W	school-c2s-outstanding-removed	schoolNotices	The previous outstanding judgement no longer stands; the school will be inspected under the current framework and no historic grade will be carried forward.	El fallo de excelencia anterior ya no rige; el centro se fiscalizará con el marco vigente y no se arrastrará nota histórica alguna.
W	school-c2s-safeguarding-ineffective	schoolNotices	If safeguarding is judged ineffective, the overall effectiveness cannot be good; the board will convene within five working days to consider immediate steps.	Si la tutela se califica de ineficaz, la eficacia global no puede ser buena; el órgano se reunirá en cinco días hábiles para sopesar medidas inmediatas.
W	school-c2s-staff-survey-confidential	schoolNotices	The staff survey is confidential to the inspectorate; the school will not be told who said what, and no member of staff will be identified in the published letter.	La encuesta al personal es reservada ante la autoridad educativa; el centro no sabrá quién dijo qué, y no se identificará a nadie en la carta publicada.
W	school-c2s-inspector-access-right	schoolNotices	Inspectors have a statutory right of access to the premises, to records and to pupils; obstructing that access is a ground for an adverse finding.	Los inspectores tienen derecho legal de acceso a los locales, a los archivos y al alumnado; obstaculizarlo es motivo de un juicio adverso.
W	school-c2s-complaint-about-inspection	schoolNotices	A complaint about the conduct of an inspection must first be made to the inspectorate's own complaints procedure; the school will not comment while that process is live.	Una queja sobre el desarrollo de una visita debe seguir primero la vía interna de la autoridad educativa; el centro no opinará mientras ese cauce esté abierto.
W	school-c2s-publication-of-report	schoolNotices	The report will be published on the inspectorate's website and a link sent to families; the school may not publish a selective extract before the official publication date.	El informe se publicará en la web de la autoridad educativa y se enviará un enlace a las familias; el centro no puede publicar un extracto selectivo antes de la fecha oficial.
W	school-c2s-ehcp-annual-review	schoolNotices	The annual review of the education, health and care plan will be held on the date below; papers must reach the family at least two weeks before, and the authority must issue its decision within the statutory period.	La revisión anual del plan de educación, salud y cuidados será en la fecha abajo; los escritos deben llegar a la familia al menos dos semanas antes, y la autoridad debe resolver en el plazo legal.
W	school-c2s-needs-assessment-refused	schoolNotices	A request for a statutory needs assessment is refused; the reasons are set out overleaf and a challenge may be lodged with the tribunal within two months of this notice.	Se deniega la petición de una evaluación preceptiva de necesidades; los motivos constan al dorso y cabe impugnar ante el tribunal en los dos meses siguientes a este aviso.
W	school-c2s-tribunal-appeal-sen	schoolNotices	A challenge to the contents of the plan, or to the named school, may be lodged with the first-tier tribunal; the authority's decision remains in force unless the tribunal orders otherwise.	Cabe impugnar el contenido del plan, o el centro nombrado, ante el tribunal de primera instancia; la resolución de la autoridad sigue vigente salvo que el tribunal disponga otra cosa.
W	school-c2s-reasonable-adjustments	schoolNotices	Reasonable adjustments will be made so that a disabled pupil is not put at a substantial disadvantage; a refusal of a particular adjustment will be reasoned in writing.	Se harán ajustes razonables para que un alumno con discapacidad no quede en desventaja sustancial; la denegación de un ajuste concreto se motivará por escrito.
W	school-c2s-accessible-toilets-works	schoolNotices	Works to provide an accessible toilet will begin in the holiday; until then a management plan will ensure the pupil can use a suitable facility without loss of lesson time.	Las obras de un aseo accesible empezarán en vacaciones; hasta entonces un plan de gestión garantizará que el alumno use un local adecuado sin perder clase.
W	school-c2s-transport-to-special-school	schoolNotices	Free transport to the named special school is a matter for the local authority, not the school; a refusal may be challenged under the authority's own review scheme.	El transporte gratuito al centro específico nombrado corresponde a la autoridad local, no al colegio; una denegación puede impugnarse por el cauce de revisión de esa autoridad.
W	school-c2s-named-school-dispute	schoolNotices	The family does not agree with the school named in the plan; the authority will maintain that name unless and until the tribunal substitutes another.	La familia no acepta el centro nombrado en el plan; la autoridad mantendrá ese nombre mientras el tribunal no sustituya otro.
W	school-c2s-early-years-funding-cut	schoolNotices	The early-years high-needs funding for this child will be reduced from the date below; a review meeting will be offered before that date and a challenge may follow.	La financiación de necesidades elevadas en infantil para este menor se reducirá desde la fecha abajo; se ofrecerá una reunión de revisión antes de esa fecha y podrá impugnarse.
W	school-c2s-emergency-inhaler-protocol	schoolNotices	A spare emergency inhaler is held for pupils whose written plan authorises its use; it will not be given to a child without that plan on file.	Se guarda un inhalador de urgencia de reserva para el alumnado cuyo plan escrito autorice su uso; no se dará a un menor sin ese plan en el expediente.
W	school-c2s-controlled-drug-storage	schoolNotices	A controlled medicine will be stored in a locked cabinet, logged at each dose and witnessed by a second adult; unused stock will be returned to the family, not thrown away on site.	Un fármaco controlado se guardará en armario cerrado, se anotará cada toma y la presenciará un segundo adulto; el sobrante se devolverá a la familia, no se tirará en el centro.
W	school-c2s-refusing-treatment-at-school	schoolNotices	Staff will not force a competent older pupil to take medicine against their will; the family will be told the same day and a clinical view sought if the refusal creates a risk.	El personal no obligará a un alumno mayor, capaz de comprender, a tomar un fármaco contra su voluntad; se avisará a la familia el mismo día y se pedirá dictamen sanitario si la negativa crea un riesgo.
W	school-c2s-contagious-stay-home	schoolNotices	A pupil with a notifiable contagious illness must stay at home for the period the health authority specifies; a premature return will be refused at the gate.	Un alumno con una enfermedad contagiosa de declaración preceptiva debe permanecer en casa el plazo que señale la autoridad sanitaria; se le denegará la entrada si vuelve antes de tiempo.
W	school-c2s-anaphylaxis-care-plan	schoolNotices	An adrenaline auto-injector will be administered in accordance with the written care plan; an ambulance will be called even if the pupil appears to recover.	Al autoinyector de adrenalina se le dará uso conforme al plan de cuidados escrito; se llamará a una ambulancia aunque el alumno parezca recuperarse.
W	school-c2s-mental-health-referral	schoolNotices	A referral to the school mental-health lead does not require the pupil's confession of a diagnosis; the family will be told unless doing so would increase the risk of harm.	Una derivación al responsable de salud mental del centro no exige que el alumno confiese un diagnóstico; se avisará a la familia salvo que ello aumente el riesgo de daño.
W	school-c2s-free-travel-withdrawn	schoolNotices	Free home-to-school travel is withdrawn because a nearer suitable school now has a place; a challenge may be lodged with the authority within twenty working days.	Se retira el transporte gratuito casa-centro porque un colegio adecuado más cercano tiene ya plaza; cabe impugnar ante la autoridad en veinte días hábiles.
W	school-c2s-unsafe-walking-route	schoolNotices	The authority has assessed the walking route as unsafe for an unaccompanied child of this age; free travel will therefore continue until a safe route is provided or the child is older.	La autoridad ha tildado el trayecto peatonal de inseguro para un menor de esta edad sin compañía; el transporte gratuito seguirá hasta que haya un camino seguro o el menor sea mayor.
W	school-c2s-bus-pass-misuse	schoolNotices	A pass used by another child, or used to travel a route other than the authorised one, will be withdrawn; a replacement will be charged at the published rate.	Un abono usado por otro menor, o en un trayecto distinto del autorizado, se retirará; el duplicado se cobrará al precio publicado.
W	school-c2s-nearest-suitable-school	schoolNotices	Entitlement is measured to the nearest suitable school with a place, not to the school the family prefers; a faith or language preference does not by itself create a new entitlement.	El derecho se mide hasta el centro adecuado más cercano con plaza, no hasta el que la familia prefiera; una preferencia confesional o lingüística no crea por sí un derecho nuevo.
W	school-c2s-withdraw-from-worship	schoolNotices	A parent may withdraw a child from collective worship by written notice; the child will be given a worthwhile alternative activity and will not be singled out.	Un progenitor puede apartar a un menor del culto colectivo mediante aviso escrito; se le dará una actividad alternativa de provecho y no se le señalará.
W	school-c2s-sex-education-right-to-withdraw	schoolNotices	A parent may withdraw a child from sex education (but not from relationships education or from the science of reproduction) up to three terms before the child turns sixteen.	Un progenitor puede apartar a un menor de la educación sexual (pero no de la educación afectiva ni de la biología de la reproducción) hasta tres trimestres antes de que cumpla dieciséis.
W	school-c2s-relationships-education-compulsory	schoolNotices	Relationships education is compulsory in primary schools; there is no right to withdraw, though the school will discuss the content with any family that asks.	La educación afectiva es preceptiva en primaria; no cabe derecho de apartamiento, aunque el centro expondrá el contenido a la familia que lo pida.
W	school-c2s-political-impartiality	schoolNotices	Staff must not promote a partisan political view in teaching; where a controversial issue is raised, opposing views will be presented in a balanced way appropriate to the age of the pupils.	El personal no debe promover una tesis política partidista en la enseñanza; si se aborda un asunto controvertido, se expondrán las tesis opuestas de forma equilibrada y acorde a la edad del alumnado.
W	school-c2s-banned-texts-challenge	schoolNotices	A request to remove a text from the curriculum will be considered by the board against the published challenges policy; offence taken is not of itself a ground for removal.	El órgano examinará la petición de quitar un texto del plan de estudios conforme a la política de impugnaciones publicada; ofenderse no es, por sí, motivo de retirada.
W	school-c2s-home-language-assessment	schoolNotices	An assessment of the child's home language may be used to plan support, not to delay admission; a place will not be withheld pending the result.	Una evaluación de la lengua del hogar puede servir para organizar el apoyo, no para retrasar el ingreso; no se retendrá una plaza a la espera del resultado.
W	school-c2s-stage-one-complaint	schoolNotices	A stage-one complaint should be addressed to the class teacher or the headteacher within three months of the matter complained of; older complaints may be refused as stale.	Una queja de primer nivel debe dirigirse al tutor o a la dirección en los tres meses del hecho criticado; una más antigua puede inadmitirse por extemporánea.
W	school-c2s-stage-two-governor-panel	schoolNotices	If the complainant remains dissatisfied, a stage-two panel of governors who have not previously been involved will hear the matter; their finding is the end of the school's process.	Si quien se queja sigue disconforme, una junta de segundo nivel, de consejeros que no hayan conocido el asunto, lo oirá; su fallo cierra la vía interna del centro.
W	school-c2s-vexatious-correspondence	schoolNotices	Correspondence that is repetitive, abusive or that seeks to reopen a matter already determined may be treated as vexatious; a single point of contact will then be named and further letters may go unanswered.	La correspondencia reiterativa, injuriosa o que pretenda reabrir un asunto ya resuelto puede tildarse de temeraria; se nombrará entonces un único interlocutor y las cartas posteriores podrán quedar sin respuesta.
W	school-c2s-subject-access-vs-complaint	schoolNotices	A subject-access request will not be used as a substitute for the complaints process; papers generated solely for a live complaint will be withheld until that process ends, insofar as the law allows.	Una petición de acceso a datos no sustituirá el cauce de quejas; los escritos nacidos solo de una queja viva se retendrán hasta que termine, en la medida en que la ley lo permita.
W	school-c2s-staff-not-named-in-reply	schoolNotices	The school's reply will not name another pupil or a junior member of staff unless it is necessary to understand the outcome; a request for those names will be refused.	La contestación del centro no nombrará a otro alumno ni a un miembro junior del personal, salvo que sea preciso para entender el resultado; se denegará la petición de esos nombres.
W	school-c2s-voluntary-contribution-not-condition	schoolNotices	A voluntary contribution may be invited for a trip that is part of the curriculum, but a place will not be withheld if it is unpaid; the trip may be cancelled for everyone if too few contributions arrive.	Puede pedirse una aportación voluntaria para una salida del plan de estudios, pero no se retendrá la plaza si no se paga; la salida puede anularse para todos si llegan demasiadas pocas aportaciones.
W	school-c2s-dinner-debt-escalation	schoolNotices	Dinner debt will be pursued through a staged process; a child will not be denied a meal or singled out, and a referral to the authority will be considered only after support has been offered.	La deuda de comedor se reclamará por etapas; no se negará la comida ni se señalará al menor, y solo se comunicará a la autoridad después de ofrecer apoyo.
W	school-c2s-music-tuition-charge	schoolNotices	A charge may be made for individual or small-group instrumental tuition that is not required by the curriculum or by a plan; remission is available to families on the published benefits.	Cabe cobrar por clase de instrumento individual o en grupo reducido que no exija el plan de estudios ni un plan; hay exención para las familias que perciban las prestaciones publicadas.
W	school-c2s-residential-visit-remission	schoolNotices	The board will remit the board-and-lodging element of a residential visit for families on the published benefits where the visit takes place in school hours or is required by the syllabus.	El órgano eximirá la parte de alojamiento y manutención de una estancia a las familias que perciban las prestaciones publicadas, si la estancia es en horario lectivo o la exige el temario.
W	school-c2s-exam-remark-fee	schoolNotices	The fee for a review of marking is payable in advance by the family if the school does not support the request; it will be refunded in full if the grade is changed.	La tasa de revisión de la calificación la paga por adelantado la familia si el centro no apoya la petición; se devolverá íntegra si cambia la nota.
W	school-c2s-lost-textbook-invoice	schoolNotices	An invoice for a lost or wilfully damaged textbook will be sent to the family at the replacement cost, not a penalty; inability to pay will be considered before any further step.	Se enviará a la familia una factura por un libro perdido o estropeado a propósito, al coste de reposición, no como sanción; se sopesará la imposibilidad de pagar antes de cualquier otro paso.
W	school-c2s-head-suspension-interim	schoolNotices	The headteacher has been suspended pending an investigation; an interim leader has been appointed and day-to-day arrangements are unchanged. No further comment will be made.	Se ha suspendido a la dirección en tanto se investiga; se ha nombrado un responsable interino y la marcha diaria no cambia. No se hará más comentario.
W	school-c2s-supply-cover-prolonged	schoolNotices	Prolonged absence of a class teacher will be covered by a named supply teacher from the date below; families with a concern about continuity should write to the deputy, not to the absent colleague.	La ausencia prolongada de un tutor la cubrirá un sustituto nominado desde la fecha abajo; las familias inquietas por la continuidad deben escribir al adjunto, no al compañero ausente.
W	school-c2s-capability-no-comment	schoolNotices	The school will not comment on a capability or disciplinary matter concerning a member of staff; a request for particulars will be refused as a breach of confidence.	El centro no opinará sobre un expediente de incapacidad o corrector relativo a un miembro del personal; se denegará pedir pormenores por quebrantar la reserva.
W	school-c2s-safer-recruitment-gap	schoolNotices	A gap in a candidate's employment history must be explained in writing before an offer is confirmed; an unexplained gap is a bar to unsupervised work with children.	Un hueco en la trayectoria laboral de un candidato debe explicarse por escrito antes de confirmar la oferta; un hueco sin explicar veda el trabajo sin vigilancia con menores.
W	school-c2s-asbestos-management-survey	schoolNotices	An asbestos-management survey has identified materials that will be sealed, not removed, during the holiday; the affected rooms will be taken out of use until the work is certified complete.	Un estudio de amianto ha localizado materiales que se encapsularán, no se retirarán, en vacaciones; las aulas afectadas quedarán fuera de uso hasta que se certifique el fin de la obra.
W	school-c2s-lockdown-drill-unannounced	schoolNotices	An unannounced lockdown drill will take place this term; families should not come to the gate if they hear of it, and pupils will not be released early.	Este trimestre habrá un simulacro de encierro sin aviso; las familias no deben acudir a la verja si se enteran, y no se adelantará la salida del alumnado.
W	school-c2s-fire-risk-deficiency	schoolNotices	A deficiency noted in the fire-risk assessment will be remedied by the date below; until then an additional adult will be posted on that staircase at every change of lesson.	Una deficiencia del estudio de riesgo de incendio se corregirá en la fecha abajo; hasta entonces un adulto más se apostará en esa escalera en cada cambio de clase.
W	school-c2s-radon-or-mould-works	schoolNotices	Remedial works for damp and mould in the north wing will close those rooms for two weeks; displaced classes will follow the temporary timetable posted today.	Las obras contra humedad y moho en el ala norte cerrarán esas aulas dos semanas; las clases desplazadas seguirán el horario provisional publicado hoy.
W	school-c2s-playground-closure-defect	schoolNotices	The climbing frame is taken out of use until a structural defect is repaired; a taped-off area is not a suggestion and a pupil who enters it will be treated as in breach of the safety rule.	El rocódromo queda fuera de uso hasta reparar un defecto estructural; la zona acordonada no es una sugerencia, y el alumno que entre se tendrá por infractor de la norma de seguridad.
W	school-c2s-pupil-premium-statement	schoolNotices	The pupil-premium statement for the current year is published on the website; it sets out how the grant was spent and the effect on the attainment of eligible pupils.	La memoria de la dotación de equidad del año en curso está en la web; expone el empleo de la subvención y el efecto en los resultados del alumnado elegible.
W	school-c2s-freedom-of-information	schoolNotices	A request for recorded information held by the school will be answered within twenty working days; a request that would exceed the appropriate limit may be refused or charged.	Una petición de información obrante en el centro se contestará en veinte días hábiles; si rebasara el tope cabe denegarla o cobrarla.
W	school-c2s-publication-scheme-update	schoolNotices	The publication scheme has been updated; the classes of information we routinely release, and those we withhold, are listed at the address below.	Se ha actualizado el esquema de publicación; las clases de información que divulgamos de oficio, y las que retenemos, constan en la dirección abajo.
W	school-c2s-register-of-interests	schoolNotices	Governors' and senior staff's register of interests is available for inspection; a member with a pecuniary interest in an item will withdraw from that item.	El registro de intereses de consejeros y cargos directivos puede consultarse; quien tenga un interés pecuniario en un punto se retirará de ese punto.
W	school-c2s-looked-after-pep	schoolNotices	A personal education plan for a looked-after child will be reviewed each term with the virtual school and the social worker; the carer will receive a copy unless the authority directs otherwise.	El plan educativo personalizado de un menor en tutela se revisará cada trimestre con el servicio de escolarización de acogidos y el trabajador social; el acogedor recibirá copia salvo que la autoridad disponga otra cosa.
W	school-c2s-young-carer-identification	schoolNotices	A pupil identified as a young carer will be offered a meeting to agree adjustments; identification will not be shared beyond those who need to know without the pupil's agreement, unless safeguarding requires it.	A un alumno identificado como joven cuidador se le ofrecerá una reunión para acordar ajustes; la identificación no se compartirá, salvo tutela, más que con quienes deban conocerla y con el acuerdo del alumno.
W	school-c2s-armed-forces-covenant	schoolNotices	Children of serving personnel will be admitted under the published service-child criterion and will not be disadvantaged by a posting mid-year; evidence of the posting must be on the form prescribed.	Los hijos de personal destinado en activo se admitirán por el criterio publicado y no saldrán perjudicados por un destino a mitad de curso; la prueba del destino debe constar en el impreso preceptivo.
W	school-c2s-residency-dispute-admissions	schoolNotices	Where two addresses are claimed, the child's ordinary residence is the one where they sleep for the greater part of the school week; a weekday business address will be disregarded.	Si se invocan dos domicilios, la residencia habitual del menor es aquella en la que duerme la mayor parte de la semana lectiva; se desestimará un domicilio laboral entre semana.
W	school-c2s-parental-responsibility-proof	schoolNotices	Anyone asserting a right to receive reports or to consent to a trip must produce evidence of parental responsibility if it is not already on file; a step-parent without a court order does not have that right automatically.	Quien afirme derecho a recibir boletines o a autorizar una salida debe acreditar la patria potestad si no consta ya en el expediente; un padrastro o madrastra sin resolución judicial no tiene ese derecho automáticamente.
W	school-c2s-name-change-on-roll	schoolNotices	A change of the name on the roll will be made only on production of a deed poll, a court order or an updated birth certificate; a verbal request will not suffice.	El cambio del nombre en el registro solo se hará con una escritura de cambio de nombre, una resolución judicial o una partida de nacimiento actualizada; no bastará una petición oral.
W	school-c2s-gender-recognition-records	schoolNotices	A request to record a different gender on internal records will be considered against safeguarding and data-protection duties; examination certificates are issued in the name the awarding body holds.	La petición de consignar otro género en los escritos internos se examinará a la luz de los deberes de tutela y de guarda de datos; los títulos de examen se expiden con el nombre que obra en el organismo certificador.
W	school-c2s-digital-device-search	schoolNotices	A school-owned device may be searched and its logs examined where there are reasonable grounds to suspect a safeguarding or conduct breach; a privately owned device will not be searched without the owner's agreement or a legal power.	Un dispositivo del centro puede registrarse y examinarse sus bitácoras si hay indicios serios de un quebranto de tutela o de conducta; uno de titularidad privada no se registrará sin el acuerdo del dueño o una potestad legal.
W	school-c2s-whistleblowing-outcome-sealed	schoolNotices	The outcome of a whistleblowing report will be told to the person who raised it insofar as confidentiality allows; they must not be subjected to any detriment for having raised it in good faith.	El resultado de una denuncia de alerta se comunicará a quien la formuló en la medida en que el sigilo lo permita; no debe sufrir menoscabo alguno por haberla hecho de buena fe.
W	school-c2s-home-to-school-travel-appeal	schoolNotices	A challenge to the refusal of free travel must be lodged with the authority's independent panel within twenty working days; the school has no power to reverse the authority's finding.	La impugnación de la denegación del transporte gratuito debe interponerse ante el tribunal independiente de la autoridad en veinte días hábiles; el centro no puede revocar el fallo de esa autoridad.
W	school-c2s-elective-home-education-off-roll	schoolNotices	A pupil will be removed from the roll for elective home education only on receipt of written notice from a person with parental responsibility; a verbal message or a message from the child will not suffice.	Solo se dará de baja por educación en casa si lo pide por escrito quien ostente la patria potestad; no bastará un recado oral ni un mensaje del propio menor.
W	school-c2s-child-employment-permit	schoolNotices	A child of compulsory school age may not take paid work during school hours without a permit from the local authority; the school will report unauthorised employment that comes to its notice.	Un menor en edad de escolarización obligatoria no puede trabajar a sueldo en horario lectivo sin permiso de la autoridad local; el centro comunicará el empleo no autorizado del que tenga noticia.
W	school-c2s-year-seven-catch-up	schoolNotices	A catch-up programme for pupils below the expected standard on entry to year seven is being put in place; participation is not optional where the board has identified a substantial gap.	Se pone en marcha un programa de recuperación para el alumnado por debajo del nivel esperado al entrar en primero de secundaria; la participación no es potestativa si el órgano ha constatado una brecha sustancial.
W	school-c2s-off-rolling-prohibition	schoolNotices	Removing a pupil from the roll to improve published results, or to avoid an inspection judgement, is unlawful; any such removal will be reversed and reported to the authority.	Dar de baja a un alumno para mejorar los resultados publicados, o para eludir un fallo de fiscalización, es ilícito; esa baja se revertirá y se comunicará a la autoridad.
W	school-c2s-managed-move-breakdown	schoolNotices	If the managed move breaks down within the trial period, the pupil remains on the original roll and must be readmitted without a fresh admissions process.	Si el traslado pactado fracasa en el período de prueba, el alumno sigue en la matrícula de origen y debe readmitirse sin un trámite de admisión nuevo.
W	school-c2s-direction-to-admit	schoolNotices	The local authority (or the adjudicator) has directed the school to admit the named pupil; the place must be made available from the date specified and may not be deferred pending a challenge.	La autoridad local (o el árbitro) ha ordenado al centro admitir al alumno nombrado; la plaza debe estar disponible desde la fecha señalada y no puede aplazarse a la espera de una impugnación.
W	school-c1s-residential-consent	schoolNotices	Residential consent forms, including the medical annex, must reach the office by the date overleaf; a pupil without a completed form will not travel.	Las autorizaciones de estancia, incluido el anejo médico, deben llegar a secretaría en la fecha del dorso; un alumno sin el formulario completo no viajará.
W	school-c1s-medical-annex-trip	schoolNotices	The medical annex must name current medication, allergies and an emergency contact who can be reached throughout the visit.	El anejo médico debe nombrar la medicación en curso, las alergias y un contacto de emergencia localizable durante toda la visita.
W	school-c1s-swimming-consent	schoolNotices	Written consent is required before a pupil may enter the water; please state the swimming standard you consider applies.	Se exige autorización escrita antes de que el alumno entre en el agua; indiquen el nivel de natación que consideren aplicable.
W	school-c1s-packed-lunch-trip	schoolNotices	A packed lunch without nuts is required on the day of the visit; the kitchen will not issue a school meal to travelling pupils.	Se pide un almuerzo empaquetado sin frutos secos el día de la visita; la cocina no servirá menú escolar a quienes viajen.
W	school-c1s-pocket-money-cap	schoolNotices	Pocket money on the residential is capped at the sum named overleaf; staff will not hold larger amounts or make advances.	El dinero de bolsillo de la estancia tiene el tope indicado al dorso; el personal no guardará cantidades mayores ni adelantará dinero.
W	school-c1s-mobile-on-trip	schoolNotices	Personal phones may be brought on the residential but will be collected overnight; the school is not liable for loss or damage.	Se pueden llevar teléfonos personales a la estancia, pero se recogerán por la noche; el centro no responde de pérdida o daño.
W	school-c1s-emergency-contact-trip	schoolNotices	A second emergency contact, reachable during school hours and in the evening, must be named before the coach leaves.	Debe nombrarse un segundo contacto de emergencia, localizable en horario lectivo y por la noche, antes de que salga el autobús.
W	school-c1s-early-return-trip	schoolNotices	If a pupil has to return early for conduct or medical reasons, a person with parental responsibility must collect them; travel costs fall to the family.	Si un alumno debe volver antes por conducta o por salud, quien ostente la patria potestad ha de recogerlo; los gastos de viaje corren a cargo de la familia.
W	school-c1s-hostel-sharing	schoolNotices	Room lists will be issued the week before departure; requests to share with a named friend will be considered but cannot be guaranteed.	Las listas de habitación se entregarán la semana anterior a la salida; se estudiarán las peticiones de compartir con un compañero nombrado, sin poder garantizarlas.
W	school-c1s-outdoor-kit	schoolNotices	Waterproofs, stout footwear and a named water bottle are required for the outdoor days; jeans and fashion trainers are not suitable.	Se exigen chubasquero, calzado recio y una botella de agua con nombre para los días al aire libre; el vaquero y las zapatillas de moda no sirven.
W	school-c1s-trip-deposit	schoolNotices	The non-refundable deposit must be paid by the date overleaf to hold the place; the balance may be paid in the instalments set out.	El depósito no reembolsable debe abonarse en la fecha del dorso para reservar la plaza; el resto puede pagarse en los plazos indicados.
W	school-c1s-trip-instalments	schoolNotices	Instalments that fall more than fourteen days late may result in the place being offered to the waiting list; please contact the office before a payment is missed.	Un plazo atrasado más de catorce días puede hacer que la plaza pase a la lista de espera; contacten con secretaría antes de faltar a un pago.
W	school-c1s-trip-withdrawal	schoolNotices	Withdrawal after the final booking date will not attract a refund unless the place is filled from the waiting list; insurance claims remain a family matter.	La baja después de la fecha límite de reserva no da derecho a reembolso salvo que la plaza se cubra desde la lista de espera; el seguro sigue siendo asunto de la familia.
W	school-c1s-day-visit-consent	schoolNotices	Day-visit consent must be returned even if you have signed a blanket permission at the start of the year; this outing has a distinct risk assessment.	La autorización de la visita de un día debe devolverse aunque hayan firmado un permiso general al empezar el curso; esta salida tiene una evaluación de riesgos distinta.
W	school-c1s-museum-visit	schoolNotices	The museum visit includes a workshop after lunch; pupils who leave early will miss the assessed task and should not be booked for other appointments that afternoon.	La visita al museo incluye un taller después de comer; quien se vaya antes perderá la tarea evaluada y no debe tener otras citas esa tarde.
W	school-c1s-theatre-visit	schoolNotices	Theatre tickets are reserved once consent and payment are received; late returns will be offered only if a seat is released.	Las entradas de teatro se reservan al recibir la autorización y el pago; las devoluciones tardías solo se ofrecerán si se libera un asiento.
W	school-c1s-worship-optout	schoolNotices	The visit to a place of worship is part of the agreed curriculum; a written opt-out may be lodged and an alternative task will be set on site.	La visita a un lugar de culto forma parte del currículo acordado; cabe presentar una exención por escrito y se mandará una tarea alternativa in situ.
W	school-c1s-farm-clothing	schoolNotices	Closed footwear and long sleeves are required on the farm; sandals and shorts will result in the pupil remaining on the coach.	Se exigen calzado cerrado y manga larga en la granja; sandalias y pantalón corto harán que el alumno permanezca en el autobús.
W	school-c1s-forest-school	schoolNotices	Forest-school sessions go ahead in light rain; only a weather warning or a staff shortage will cancel, and a message will be sent that morning.	Las sesiones de bosque se celebran con lluvia ligera; solo un aviso meteorológico o la falta de personal las anularán, y se enviará un mensaje esa mañana.
W	school-c1s-exchange-host	schoolNotices	Families offering a host place for the exchange must complete the household information sheet and attend the briefing before a pairing is confirmed.	Las familias que ofrezcan acogida para el intercambio deben rellenar la ficha del hogar y acudir a la reunión informativa antes de confirmar el emparejamiento.
W	school-c1s-language-assistant	schoolNotices	Small-group sessions with the language assistant are part of normal lessons; withdrawal requires a written request stating the educational reason.	Las sesiones en grupo reducido con el auxiliar de idioma forman parte de las clases ordinarias; la baja exige una petición escrita con motivo pedagógico.
W	school-c1s-work-experience	schoolNotices	Work-experience placements will not start until the employer's insurance details and your signed consent are on file.	Las prácticas laborales no empezarán hasta que consten en el expediente los datos del seguro del empleador y su autorización firmada.
W	school-c1s-work-shadowing	schoolNotices	A one-day work-shadowing visit may be authorised in year ten; a request naming the host and the learning aim must arrive two weeks in advance.	Cabe autorizar un día de observación laboral en cuarto de ESO; la petición, con el anfitrión y el objetivo de aprendizaje, debe llegar con dos semanas de antelación.
W	school-c1s-careers-interview	schoolNotices	A careers interview has been booked for your child; if the slot cannot be kept, please rearrange through the careers office rather than sending a message with the pupil.	Se ha concertado una entrevista de orientación para su hijo; si no pueden acudir, reprogramen en la oficina de orientación en vez de mandar un recado con el alumno.
W	school-c1s-sixth-taster	schoolNotices	Sixth-form taster days are for pupils already holding a conditional offer; casual visitors cannot be accommodated on those dates.	Las jornadas de prueba de bachillerato son para el alumnado que ya tiene una oferta condicionada; no cabe admitir visitantes ocasionales esas fechas.
W	school-c1s-uni-open-day	schoolNotices	Absence for a university open day may be authorised once in year twelve if the invitation is attached and work is set in advance.	Cabe autorizar una falta por una jornada de puertas abiertas universitaria una vez en segundo de bachillerato si se adjunta la invitación y se manda trabajo de antemano.
W	school-c1s-dofe-enrol	schoolNotices	Enrolment on the Duke of Edinburgh programme requires a separate consent, a medical update and payment of the award fee before training begins.	La inscripción en el programa Duke of Edinburgh exige una autorización aparte, una actualización médica y el pago de la tasa de la distinción antes de empezar la formación.
W	school-c1s-fixture-away	schoolNotices	Away fixtures leave from the sports entrance at the time stated; a pupil not collected within twenty minutes of return will wait in reception.	Los partidos fuera salen por la entrada de deportes a la hora dicha; un alumno no recogido en los veinte minutos siguientes a la vuelta esperará en recepción.
W	school-c1s-saturday-fixture	schoolNotices	Saturday fixtures are voluntary; consent on the slip overleaf is still required so that staffing and transport can be confirmed.	Los partidos del sábado son voluntarios; sigue haciendo falta la autorización del cupón al dorso para confirmar personal y transporte.
W	school-c1s-tournament-consent	schoolNotices	Tournament consent covers the whole day, including a packed lunch and the possibility of a later return if a match overruns.	La autorización del torneo cubre todo el día, incluido el almuerzo empaquetado y la posibilidad de una vuelta más tarde si un partido se alarga.
W	school-c1s-mixed-ability-team	schoolNotices	Team selection for this fixture will be mixed-ability; a place in the squad is not a promise of the same minutes as in a competitive league match.	La convocatoria de este partido será de niveles mixtos; un puesto en el grupo no promete los mismos minutos que en una liga competitiva.
W	school-c1s-shin-pads	schoolNotices	Shin pads are compulsory for football fixtures; a pupil who arrives without them will watch from the bench and will not be lent a pair.	Las espinilleras son obligatorias en los partidos de fútbol; quien llegue sin ellas verá el partido desde el banquillo y no se le prestará un par.
W	school-c1s-mouthguard	schoolNotices	A fitted mouthguard is required for rugby contact sessions; gum shields bought on the day at the club shop are not a substitute.	Se exige un protector bucal adaptado en las sesiones de rugby con contacto; las férulas compradas el mismo día en la tienda del club no sustituyen.
W	school-c1s-concussion-return	schoolNotices	A pupil diagnosed with concussion will follow the return-to-play ladder; they may not resume contact until the school has written clearance from a clinician.	Un alumno con conmoción diagnosticada seguirá la escala de vuelta al juego; no reanudará el contacto hasta que el centro tenga el alta escrita de un clínico.
W	school-c1s-water-bottle-pe	schoolNotices	A named water bottle is required for every physical-education lesson in warm weather; sharing bottles is not permitted.	Se exige una botella de agua con nombre en cada clase de educación física con calor; no se permite compartir botellas.
W	school-c1s-swim-programme	schoolNotices	The swimming programme runs for six weeks; a note is required only if your child cannot enter the water that week for a medical reason.	El programa de natación dura seis semanas; solo hace falta un justificante si su hijo no puede entrar en el agua esa semana por motivo médico.
W	school-c1s-cycle-training	schoolNotices	Cycle-training places will be offered first to pupils who cycle to school; a roadworthy bicycle and a helmet are required on the course days.	Las plazas de formación ciclista se ofrecerán primero a quien venga en bici al centro; se exigen una bicicleta en condiciones y un casco los días del curso.
W	school-c1s-walking-bus	schoolNotices	The walking bus leaves the library steps at 8.20; late joiners must make their own way and will be marked late if they arrive after the register.	El bus peatonal sale de las gradas de la biblioteca a las 8.20; quien se incorpore tarde deberá venir por su cuenta y constará como retraso si llega después de pasar lista.
W	school-c1s-sen-annual-review	schoolNotices	The annual review of your child's support plan will be held on the date below; written comments received three school days in advance will be circulated to those attending.	La revisión anual del plan de apoyo de su hijo se celebrará en la fecha abajo; las observaciones escritas recibidas tres días lectivos antes se circularán a quienes asistan.
W	school-c1s-iep-review	schoolNotices	A short review of the individual education plan is proposed; please say whether you can attend in person, online, or prefer a telephone slot.	Se propone una breve revisión del plan de apoyo individualizado; digan si pueden acudir en persona, en línea o prefieren una franja telefónica.
W	school-c1s-ehcp-meeting	schoolNotices	The local-authority coordinator will join the education-health-care review; please send any new reports you wish tabled at least five school days beforehand.	El coordinador de la autoridad local se unirá a la revisión del plan educativo y sanitario; envíen cualquier informe nuevo que quieran aportar al menos cinco días lectivos antes.
W	school-c1s-tac-meeting	schoolNotices	A team-around-the-child meeting has been convened with your agreement; the notes will record actions, owners and a review date, and a copy will be sent to you.	Se ha convocado, con su acuerdo, una reunión del equipo en torno al niño; el acta consignará acciones, responsables y una fecha de revisión, y se les enviará copia.
W	school-c1s-pastoral-plan	schoolNotices	A pastoral support plan is being drawn up after a period of difficulty; we ask you to meet so that the targets and the review cycle can be agreed with you.	Se está elaborando un plan de apoyo tutorial tras un período difícil; les pedimos una reunión para acordar con ustedes los objetivos y el ciclo de revisión.
W	school-c1s-sen-forum	schoolNotices	The next special-needs parent forum will discuss homework adjustments; places are limited and must be booked through the office, not at the classroom door.	El próximo foro de familias de alumnado con necesidades específicas tratará los ajustes de deberes; hay plazas limitadas y se reservan en secretaría, no en la puerta del aula.
W	school-c1s-edpsych-visit	schoolNotices	An educational psychologist will observe in class, with your prior written agreement, and will then offer a feedback meeting; no report will be issued without that meeting being offered.	Un psicólogo educativo observará en clase, con su acuerdo escrito previo, y ofrecerá después una reunión de devolución; no se emitirá informe sin haber ofrecido esa reunión.
W	school-c1s-speech-meeting	schoolNotices	The speech-and-language therapist has asked for a joint meeting; please bring examples of how your child communicates at home if you are able to.	El logopeda ha pedido una reunión conjunta; traigan, si pueden, ejemplos de cómo se comunica su hijo en casa.
W	school-c1s-ot-visit	schoolNotices	An occupational therapist will visit to review seating and handwriting; the visit is consultative and does not itself create a new statutory plan.	Un terapeuta ocupacional vendrá a revisar el asiento y la escritura; la visita es consultiva y no crea por sí sola un plan estatutario nuevo.
W	school-c1s-hearing-support	schoolNotices	Hearing-support staff will check equipment in school next week; please send spare batteries and say if the home setting has changed.	El personal de apoyo auditivo revisará el equipo en el centro la semana que viene; envíen pilas de recambio y digan si ha cambiado el ajuste en casa.
W	school-c1s-visual-support	schoolNotices	Large-print and high-contrast copies of next term's texts can be prepared if the request reaches the inclusion team ten school days before the unit starts.	Se pueden preparar copias en letra grande y alto contraste de los textos del próximo trimestre si la petición llega al equipo de inclusión diez días lectivos antes de que empiece la unidad.
W	school-c1s-access-meet	schoolNotices	A meeting to discuss exam access arrangements is offered; any private report you wish considered should be sent in advance so that it can be read against the school's evidence.	Se ofrece una reunión sobre adaptaciones de examen; cualquier informe privado que quieran que se tenga en cuenta debe enviarse de antemano para leerlo junto con las pruebas del centro.
W	school-c1s-quiet-room	schoolNotices	A quiet-room pass may be agreed as a short-term measure; it is not a substitute for attending the lesson and will be reviewed after four weeks.	Cabe acordar un pase al aula en calma como medida breve; no sustituye la asistencia a clase y se revisará a las cuatro semanas.
W	school-c1s-sensory-break	schoolNotices	Sensory breaks, if agreed, will be timed and recorded; they are intended to help the pupil return to the lesson, not to replace it.	Los descansos sensoriales, si se acuerdan, se cronometrarán y constarán; pretenden ayudar a volver a la clase, no a sustituirla.
W	school-c1s-phased-return	schoolNotices	A phased return after a long absence has been agreed in principle; the timetable overleaf is a starting point and will be reviewed with you after ten school days.	Se ha acordado en principio una reincorporación gradual tras una larga ausencia; el horario del dorso es un punto de partida y se revisará con ustedes a los diez días lectivos.
W	school-c1s-medical-needs-meet	schoolNotices	A meeting to agree an individual healthcare plan is offered; please bring the latest clinic letter if you have one.	Se ofrece una reunión para acordar un plan de cuidados individualizado; traigan la última carta de la consulta si la tienen.
W	school-c1s-intimate-care	schoolNotices	An intimate-care plan will be written with you before any regular assistance of that kind is given; two members of staff will be named on the plan.	Se redactará con ustedes un plan de cuidados íntimos antes de prestar esa ayuda de forma regular; en el plan se nombrará a dos miembros del personal.
W	school-c1s-toilet-plan	schoolNotices	A toilet-access plan can be agreed where a medical need is documented; unrestricted exit from every lesson without a plan is not available.	Cabe acordar un plan de acceso al aseo cuando conste una necesidad médica; no cabe la salida libre de cada clase sin un plan.
W	school-c1s-pe-changing	schoolNotices	Changing for physical education is supervised from the corridor; a pupil who needs a more private arrangement should have that recorded on their support plan.	El cambio de ropa para educación física se vigila desde el pasillo; si un alumno necesita un arreglo más privado, debe constar en su plan de apoyo.
W	school-c1s-sun-cream	schoolNotices	Pupils should arrive already wearing sun cream on hot trip days; staff may remind them to reapply their own named bottle but will not apply cream for older pupils.	El alumnado debe llegar ya con crema solar los días de salida con calor; el personal puede recordarles que se la reapliquen de su bote con nombre, pero no se la pondrá a los mayores.
W	school-c1s-insect-sting	schoolNotices	If your child has a documented sting allergy, the care plan and the in-date auto-injector must be in school on any day a trip leaves the site.	Si su hijo tiene una alergia a picaduras documentada, el plan de cuidados y el autoinyector en fecha deben estar en el centro cualquier día que salga una excursión.
W	school-c1s-asthma-inhaler	schoolNotices	A spare reliever inhaler, named and in date, should be left with the office; the pupil should still carry their own inhaler to lessons and to fixtures.	Debe dejarse en secretaría un inhalador de rescate de reserva, con nombre y en fecha; el alumno debe llevar aun así el suyo a clase y a los partidos.
W	school-c1s-adrenaline-auto	schoolNotices	Two in-date adrenaline auto-injectors must be on site if that is what the clinic has prescribed; a trip will not proceed for that pupil if neither device is present.	Deben estar en el centro dos autoinyectores de adrenalina en fecha si eso es lo prescrito en consulta; esa salida no se hará para ese alumno si no hay ningún dispositivo.
W	school-c1s-diabetes-plan	schoolNotices	The diabetes care plan will be reviewed with you before the residential; please confirm who may support blood-glucose checks overnight.	El plan de cuidados de la diabetes se revisará con ustedes antes de la estancia; confirmen quién puede apoyar los controles de glucosa por la noche.
W	school-c1s-epilepsy-protocol	schoolNotices	The epilepsy protocol names the rescue medication, the time at which emergency services are called, and who may administer; a copy will be taken on every off-site visit.	El protocolo de epilepsia nombra la medicación de rescate, el momento en que se llama a emergencias y quién puede administrarla; se llevará copia en cada visita fuera del recinto.
W	school-c1s-medication-consent	schoolNotices	Prescribed medication will be administered in school only against a completed consent and the original pharmacy label; loose tablets in an envelope will be refused.	La medicación prescrita solo se administrará en el centro con una autorización completa y la etiqueta original de la farmacia; se rechazarán las pastillas sueltas en un sobre.
W	school-c1s-unused-medicine	schoolNotices	Unused or expired medicine must be collected by an adult within five school days of our written reminder; it will not be sent home in a school bag.	La medicina no usada o caducada debe recogerla un adulto en los cinco días lectivos siguientes a nuestro recordatorio escrito; no se enviará a casa en la mochila.
W	school-c1s-head-lice	schoolNotices	If live lice are seen, we will ask that treatment be started that evening; the pupil may return the next day once treatment has begun.	Si se ven piojos vivos, pediremos que el tratamiento empiece esa misma noche; el alumno podrá volver al día siguiente una vez iniciado el tratamiento.
W	school-c1s-vaccination-session	schoolNotices	The immunisation team will attend on the date below; a separate consent issued by the health service, not by the school, must be returned to them.	El equipo de vacunación acudirá en la fecha abajo; debe devolvérseles una autorización aparte, expedida por el servicio de salud y no por el centro.
W	school-c1s-height-weight	schoolNotices	The height-and-weight check is offered by the school-nursing service; you may withdraw your child by writing to that service, not by telling the class teacher alone.	La medición de talla y peso la ofrece el servicio de enfermería escolar; pueden excluir a su hijo escribiendo a ese servicio, no solo avisando al tutor.
W	school-c1s-dental-screen	schoolNotices	Dental screening is offered in school; results are sent home by the dental team and the school does not keep a clinical copy.	Se ofrece un cribado dental en el centro; los resultados los envía a casa el equipo dental y el centro no guarda copia clínica.
W	school-c1s-hearing-test	schoolNotices	A hearing screen is offered in reception year; please say in advance if your child already has a community audiology appointment so that we do not duplicate it.	Se ofrece una prueba de oído en infantil; avisen de antemano si su hijo ya tiene cita de audiología comunitaria, para no duplicarla.
W	school-c1s-vision-test	schoolNotices	Vision screening is offered in year one; a letter from the screening service, not from the school, will tell you if a further eye test is advised.	Se ofrece un cribado de la vista en primero de primaria; una carta del servicio de cribado, no del centro, dirá si se aconseja una revisión más completa.
W	school-c1s-counselling-referral	schoolNotices	A referral to the school counsellor will proceed only with your written agreement, except where a safeguarding duty requires an earlier conversation.	La derivación al consejero escolar solo seguirá adelante con su acuerdo escrito, salvo que un deber de tutela exija una conversación antes.
W	school-c1s-mentoring-optin	schoolNotices	Peer mentoring is offered as an opt-in; your child will not be paired until you have returned the slip and a member of staff has briefed both pupils.	La mentoría entre iguales se ofrece por adhesión; su hijo no se emparejará hasta que devuelvan el cupón y un miembro del personal haya informado a ambos alumnos.
W	school-c1s-eal-meeting	schoolNotices	A meeting to agree English-as-additional-language support is offered; an interpreter can be booked if you ask the office five school days in advance.	Se ofrece una reunión para acordar el apoyo de inglés como lengua adicional; se puede reservar intérprete si lo piden en secretaría cinco días lectivos antes.
W	school-c1s-more-able-workshop	schoolNotices	A workshop for more-able pupils in mathematics is being offered after school; places are limited and attendance is by invitation, not by self-nomination at the door.	Se ofrece un taller para el alumnado más capaz en matemáticas después de clase; hay plazas limitadas y se asiste por invitación, no por apuntarse en la puerta.
W	school-c1s-pupil-premium-meet	schoolNotices	A short meeting is offered to agree how pupil-premium support will be used for your child this term; you may decline the meeting and still receive a written summary.	Se ofrece una reunión breve para acordar cómo se usará este trimestre el apoyo de prima de alumnado para su hijo; pueden declinar la reunión y recibir igualmente un resumen escrito.
W	school-c1s-fsm-application	schoolNotices	Families who may be entitled to free school meals are asked to complete the local-authority form; the school can help with the form but cannot decide the award.	A las familias que puedan tener derecho a comedor gratuito se les pide rellenar el formulario de la autoridad local; el centro puede ayudar con el formulario pero no decide la concesión.
W	school-c1s-uniform-grant	schoolNotices	A uniform grant may be applied for through the office; receipts dated after the application will not be reimbursed.	Cabe solicitar una ayuda de uniforme en secretaría; no se reembolsarán tickets con fecha posterior a la solicitud.
W	school-c1s-sixth-bursary	schoolNotices	Sixth-form bursary applications close on the date overleaf; late forms will be held for the next panel and cannot be paid retrospectively for the current half-term.	Las solicitudes de beca de bachillerato cierran en la fecha del dorso; los formularios tardíos se guardarán para la siguiente comisión y no se podrán pagar con efecto retroactivo de este medio trimestre.
W	school-c1s-breakfast-place	schoolNotices	Breakfast-club places are allocated for a half-term at a time; a place is not held if fees fall more than two weeks into arrears.	Las plazas del club de desayuno se asignan por medio trimestre; no se guarda la plaza si las cuotas llevan más de dos semanas de atraso.
W	school-c1s-after-school-wait	schoolNotices	The after-school club waiting list is ordered by the date of the written request, not by a conversation at the gate; siblings are not automatically placed.	La lista de espera del club extraescolar se ordena por la fecha de la petición escrita, no por una conversación en la puerta; los hermanos no se colocan automáticamente.
W	school-c1s-homework-club	schoolNotices	Homework club is a quiet, staffed room, not a tutoring service; pupils who disrupt others will be asked to leave for that evening and the place may be reviewed.	El club de deberes es un aula en calma con personal, no un servicio de clases particulares; a quien moleste se le pedirá que se marche esa tarde y la plaza podrá revisarse.
W	school-c1s-late-collection	schoolNotices	A late-collection charge applies after the stated finish of a club; repeated late collection may lead to the place being withdrawn for the next half-term.	Se aplica un recargo por recogida tardía después de la hora de fin del club; las recogidas tardías reiteradas pueden llevar a retirar la plaza el medio trimestre siguiente.
W	school-c1s-collection-password	schoolNotices	Anyone collecting a pupil who is not already named on the form must give the password lodged with the office; a telephone call from the child is not sufficient authority.	Quien recoja a un alumno sin constar ya en la ficha debe dar la contraseña depositada en secretaría; una llamada del niño no basta para autorizar la entrega.
W	school-c1s-second-contact	schoolNotices	A second emergency contact, not living at the same address, must be on file by the date below; the register cannot be completed for off-site sport without it.	Debe constar en el expediente, en la fecha abajo, un segundo contacto de emergencia que no viva en el mismo domicilio; no se podrá cerrar la lista para el deporte fuera del recinto sin eso.
W	school-c1s-inset-early	schoolNotices	School will close to pupils at midday on the inset afternoon; after-school clubs will not run and the kitchen will serve only those already booked for lunch.	El centro cerrará al alumnado a mediodía el día de formación interna; no habrá clubs de tarde y la cocina solo servirá a quienes ya estén apuntados al comedor.
W	school-c1s-twilight-close	schoolNotices	A twilight staff session will bring an earlier finish on the date overleaf; please adjust collection arrangements and do not send pupils back for forgotten items after the gate is locked.	Una sesión de formación al atardecer adelantará la salida en la fecha del dorso; ajusten la recogida y no manden al alumnado a por un olvido cuando el portón ya esté cerrado.
W	school-c1s-snow-channel	schoolNotices	If a weather closure is considered, the decision will be posted on the school app and the local-authority list by 7.00; please do not telephone reception for confirmation.	Si se contempla un cierre por el tiempo, la decisión se publicará en la aplicación del centro y en la lista de la autoridad local antes de las 7.00; no llamen a recepción para confirmar.
W	school-c1s-hot-weather	schoolNotices	On days of extreme heat, strenuous outdoor sport will be moved or shortened and water breaks increased; a full closure will be used only if the site itself becomes unsafe.	En días de calor extremo, el deporte intenso al aire libre se moverá o se acortará y aumentarán las pausas para beber; un cierre total solo se usará si el propio recinto deja de ser seguro.
W	school-c1s-lockdown-drill	schoolNotices	A lockdown drill will be held this term; pupils will be told it is a practice and families should not come to the gate unless the school later asks them to collect.	Este trimestre habrá un simulacro de confinamiento; se dirá al alumnado que es un ensayo y las familias no deben acudir al portón salvo que el centro les pida después recoger.
W	school-c1s-fire-drill	schoolNotices	A fire drill will take place without prior notice to pupils; if you are on site as a visitor, follow staff instructions and do not re-enter to collect belongings.	Habrá un simulacro de incendio sin aviso previo al alumnado; si están en el recinto de visita, sigan las instrucciones del personal y no reentren a recoger pertenencias.
W	school-c1s-site-works	schoolNotices	The main entrance will be closed while the canopy is replaced; please use the side gate and allow extra time at the start and end of the day.	La entrada principal estará cerrada mientras se cambia el toldo; usen la puerta lateral y dejen más tiempo al empezar y al terminar el día.
W	school-c1s-one-way-yard	schoolNotices	A one-way system will operate in the infant yard at collection; adults are asked not to wait on the painted route used by classes leaving the building.	Habrá un sentido único en el patio de infantil a la hora de recoger; se pide a los adultos que no esperen en el recorrido pintado que usan las clases al salir.
W	school-c1s-parking-idling	schoolNotices	Engines must not be left idling on the forecourt; repeated disregard of this request may lead to the withdrawal of a staff-issued parking permit.	No deben dejarse los motores al ralentí en el atrio; el incumplimiento reiterado de esta petición puede llevar a retirar un permiso de aparcamiento expedido por el centro.
W	school-c1s-dogs-site	schoolNotices	Dogs, other than trained assistance dogs, are not permitted inside the gates at collection; please wait beyond the line painted on the pavement.	Los perros, salvo los de asistencia adiestrados, no están permitidos dentro de las verjas a la hora de recoger; esperen más allá de la línea pintada en la acera.
W	school-c1s-smoking-vaping	schoolNotices	Smoking and vaping are not permitted on the school boundary, including at the gate at collection; staff will ask anyone doing so to step away from the entrance.	Fumar y vapear no están permitidos en el perímetro del centro, tampoco en la puerta a la hora de recoger; el personal pedirá a quien lo haga que se aleje de la entrada.
W	school-c1s-lost-property	schoolNotices	Named lost property will be returned via the form tutor; unnamed items will be displayed at the end of each half-term and then disposed of.	Los objetos perdidos con nombre se devolverán a través del tutor; los que no tengan nombre se expondrán al final de cada medio trimestre y luego se desecharán.
W	school-c1s-valuables	schoolNotices	Personal valuables are brought in at the family's risk; the school will not investigate the loss of an unnamed device left in a changing room.	Los objetos de valor personales se traen por cuenta de la familia; el centro no investigará la pérdida de un dispositivo sin nombre dejado en un vestuario.
W	school-c1s-bicycle-store	schoolNotices	Bicycles must be locked in the store and removed at the end of the day; a bicycle left over a holiday may be chained off and a charge levied for release.	Las bicicletas deben quedar candadas en el local y retirarse al final del día; una bici dejada en vacaciones puede encadenarse aparte y cobrarse la liberación.
W	school-c1s-bus-pass	schoolNotices	Expired bus passes will not be accepted at the gate as proof of travel entitlement; a replacement must be arranged with the operator, not with the school office.	No se aceptará en la puerta un abono caducado como prueba del derecho a viajar; el recambio debe gestionarse con el operador, no con la secretaría del centro.
W	school-c1s-crossing-patrol	schoolNotices	The crossing patrol operates only at the published times; families arriving outside those times must use the pedestrian lights further down the road.	El servicio de paso de peatones solo opera en las horas publicadas; las familias que lleguen fuera de esas horas deben usar el semáforo peatonal más adelante.
W	school-c1s-home-school-agree	schoolNotices	The home-school agreement sets out homework, attendance and conduct expectations; it is not a contract of admission and a refusal to sign does not remove those expectations.	El acuerdo familia-centro fija las expectativas de deberes, asistencia y conducta; no es un contrato de admisión y negarse a firmar no las elimina.
W	school-c1s-homework-expect	schoolNotices	Homework will be set according to the published timetable; a pattern of non-completion will be raised with you before a detention is used.	Los deberes se mandarán según el horario publicado; un patrón de incumplimiento se les planteará antes de usar un receso.
W	school-c1s-reading-record	schoolNotices	The reading record should be signed at home at least four times a week; staff will not invent signatures and a blank week will be noted as unread.	El registro de lectura debe firmarse en casa al menos cuatro veces por semana; el personal no inventará firmas y una semana en blanco se anotará como no leída.
W	school-c1s-library-overdue	schoolNotices	Overdue library books block further loans; a bill will be issued only after a second reminder and a search of the classroom has been made.	Los libros atrasados de la biblioteca bloquean más préstamos; solo se emitirá una factura tras un segundo aviso y un registro del aula.
W	school-c1s-chromebook-loan	schoolNotices	A loan chromebook remains school property; damage beyond fair wear, or a missing charger, will be billed to the family named on the loan sheet.	Un chromebook prestado sigue siendo del centro; el daño que exceda el desgaste justo, o un cargador que falte, se facturará a la familia nombrada en la ficha de préstamo.
W	school-c1s-device-charge	schoolNotices	Devices issued for home learning should return charged; a classroom socket will not be reserved for a pupil who repeatedly arrives with an empty battery.	Los dispositivos prestados para el trabajo en casa deben volver cargados; no se reservará un enchufe del aula a quien llegue una y otra vez con la batería vacía.
W	school-c1s-acceptable-use	schoolNotices	The acceptable-use agreement must be signed before a school account is issued; a pupil who has not signed will complete paper tasks until the slip is returned.	El acuerdo de uso aceptable debe firmarse antes de dar una cuenta escolar; quien no haya firmado hará las tareas en papel hasta que se devuelva el cupón.
W	school-c1s-official-channel	schoolNotices	Staff will not discuss pupils on unofficial messaging groups; please use the school app or the office email so that a record can be kept.	El personal no hablará del alumnado en grupos de mensajería oficiosos; usen la aplicación del centro o el correo de secretaría para que quede constancia.
W	school-c1s-newsletter-app	schoolNotices	The weekly newsletter is published on the app each Friday; paper copies will be supplied only where a household has asked in writing for that format.	El boletín semanal se publica en la aplicación cada viernes; solo se darán copias en papel si un hogar lo ha pedido por escrito.
W	school-c1s-email-bounce	schoolNotices	If our mail to you has bounced twice, we will telephone and ask you to update the address; notices will still be treated as served once posted on the app.	Si nuestro correo les rebota dos veces, llamaremos para pedir que actualicen la dirección; los avisos se tendrán igualmente por notificados una vez publicados en la aplicación.
W	school-c1s-contact-update	schoolNotices	A change of telephone number or email should be given to the office the same day; form tutors cannot amend the central record from a note in the reading diary.	Un cambio de teléfono o de correo debe comunicarse a secretaría el mismo día; los tutores no pueden enmendar el registro central con una nota en el diario de lectura.
W	school-c1s-two-home-reports	schoolNotices	Where a pupil lives in two households, a second copy of reports can be posted if both addresses are on file; a verbal request at a parents' evening is not enough.	Si un alumno vive en dos hogares, se puede enviar una segunda copia de los boletines si constan ambas direcciones; no basta una petición oral en una reunión de padres.
W	school-c1s-interpreter	schoolNotices	An interpreter for a planned meeting can be booked if you ask five school days in advance; a family member should not be asked to interpret a special-needs review.	Se puede reservar intérprete para una reunión prevista si lo piden cinco días lectivos antes; no debe pedirse a un familiar que interprete una revisión de necesidades específicas.
W	school-c1s-large-print	schoolNotices	Large-print copies of letters can be supplied if you ask the office; please say whether you also need a paper copy when the default is electronic.	Se pueden facilitar cartas en letra grande si lo piden en secretaría; digan si también necesitan copia en papel cuando lo habitual es electrónico.
W	school-c1s-meeting-notes	schoolNotices	Notes of a support meeting will be sent within five school days; if you believe an action has been misrecorded, please reply in writing so that the note can be corrected or a dissent recorded.	El acta de una reunión de apoyo se enviará en cinco días lectivos; si creen que una acción se consignó mal, respondan por escrito para corregir la nota o dejar constancia de un disentimiento.
W	school-c1s-rearrange-sen	schoolNotices	If you cannot keep a special-needs appointment, please rearrange through the inclusion office; a missed slot without notice may not be reoffered in the same half-term.	Si no pueden acudir a una cita de necesidades específicas, reprogramen en la oficina de inclusión; una franja perdida sin aviso puede no volver a ofrecérseles en el mismo medio trimestre.
W	school-c1s-virtual-sen	schoolNotices	A virtual option is available for the forthcoming support meeting; the link will be sent the day before and should not be forwarded to anyone not invited.	Hay opción virtual para la próxima reunión de apoyo; el enlace se enviará el día anterior y no debe reenviarse a quien no esté invitado.
W	school-c1s-reception-signin	schoolNotices	All visitors, including parents attending a planned meeting, must sign in at reception and wear a badge; unscheduled visits to classrooms are not permitted during lessons.	Todos los visitantes, también las familias que acuden a una reunión prevista, deben registrarse en recepción y llevar una acreditación; no se permiten visitas no anunciadas a las aulas durante las clases.
W	school-c1s-no-drop-in	schoolNotices	Teachers cannot take unscheduled conversations at the classroom door at 8.50; please book through the office so that a proper slot and, where needed, a colleague can be arranged.	El profesorado no puede sostener conversaciones no anunciadas en la puerta del aula a las 8.50; reserven en secretaría para concertar una franja adecuada y, si hace falta, un compañero.
W	school-c1s-parent-evening-book	schoolNotices	Parents'-evening slots are booked through the app; a slot released less than twenty-four hours before the evening may not be reissued.	Las franjas de la reunión de padres se reservan en la aplicación; una franja liberada menos de veinticuatro horas antes puede no haber reasignación.
W	school-c1s-report-collect	schoolNotices	Full reports will be issued electronically on the date below; a paper copy can be collected from the office the following week if you have asked for one in writing.	Los boletines completos se emitirán por vía electrónica en la fecha abajo; se podrá recoger una copia en papel en secretaría la semana siguiente si lo han pedido por escrito.
W	school-c1s-term-absence	schoolNotices	A request for absence in term time must be made on the form overleaf before tickets are bought; the headteacher will decide on the published criteria and a verbal yes from a tutor is not authorisation.	La petición de falta en período lectivo debe hacerse en el formulario del dorso antes de comprar billetes; la dirección decidirá según los criterios publicados y un sí oral de un tutor no es autorización.
W	school-c1s-catch-up-absence	schoolNotices	Work missed during an authorised absence will be set on return, not in advance, except for planned assessments; please do not ask staff to prepare a full pack before the absence is decided.	El trabajo perdido durante una falta autorizada se mandará al volver, no de antemano, salvo evaluaciones previstas; no pidan al personal que prepare un paquete completo antes de que se decida la ausencia.
W	school-c1s-exam-entry	schoolNotices	Exam entries will be made against the published list; a late change of tier after the board deadline will be charged to the family if the board levies a fee.	Las inscripciones a examen se harán según la lista publicada; un cambio tardío de nivel después de la fecha límite del organismo se facturará a la familia si el organismo cobra tasa.
W	school-c1s-revision-session	schoolNotices	After-school revision sessions are optional but a place, once booked, should be kept or cancelled the day before so that staffing can be adjusted.	Las sesiones de repaso extraescolares son potestativas, pero una plaza, una vez reservada, debe respetarse o anularse el día anterior para ajustar el personal.
W	school-c1s-mock-exam	schoolNotices	Mock examinations will be sat under board conditions; a pupil who misses a paper without a medical note will sit it in the next catch-up window, not in a lesson.	Los exámenes de prueba se harán en condiciones de tribunal; quien falte a una prueba sin justificante médico la hará en la próxima franja de recuperación, no en una clase.
W	school-c1s-coursework-deadline	schoolNotices	The internal deadline for coursework is earlier than the board date so that marking and checks can be completed; work handed in after the internal deadline may not be reviewed before submission.	La fecha interna de los trabajos evaluados es anterior a la del organismo para poder corregir y cotejar; un trabajo entregado después de la fecha interna puede no revisarse antes del envío.
W	school-c1s-option-choices	schoolNotices	Subject-option forms must be returned by the date overleaf; a late form will be processed after on-time choices and some subjects may already be full.	Los formularios de optativas deben devolverse en la fecha del dorso; uno tardío se tramitará después de las elecciones a tiempo y algunas materias pueden estar ya llenas.
W	school-c1s-results-collect	schoolNotices	Results may be collected in person by the candidate or by an adult named in writing; they will not be given over the telephone or to a friend who arrives without that authority.	Los resultados puede recogerlos en persona el candidato o un adulto nombrado por escrito; no se darán por teléfono ni a un amigo que llegue sin esa autorización.
W	school-c1s-certificate-collect	schoolNotices	Certificates will be available from the date below; they will be posted only if a stamped addressed envelope has been left and will not be given to a younger sibling.	Los títulos estarán disponibles a partir de la fecha abajo; solo se enviarán si se ha dejado un sobre franqueado y no se entregarán a un hermano menor.
W	school-c1s-leavers-assembly	schoolNotices	The leavers' assembly is for current pupils and two named adults per family; additional guests cannot be seated and should not arrive in the hope of a spare chair.	El acto de despedida es para el alumnado actual y dos adultos nombrados por familia; no hay asiento para invitados de más y no deben venir a la espera de una silla libre.
W	school-c1s-prom-consent	schoolNotices	Prom tickets will be issued only against a returned consent and the code of conduct; a pupil who leaves the venue will not be readmitted and families will be telephoned.	Las entradas del baile de fin de curso solo se darán con la autorización devuelta y el código de conducta; quien salga del local no será readmitido y se llamará a las familias.
W	school-c1s-yearbook-photo	schoolNotices	The yearbook portrait sitting is optional; if you prefer your child not to appear in the printed book, please say so in writing before the photographer's deadline.	La sesión de retrato del anuario es potestativa; si prefieren que su hijo no salga en el libro impreso, díganlo por escrito antes de la fecha límite del fotógrafo.
W	school-c1s-production-costume	schoolNotices	Costume parts that the school cannot supply should be brought in a named bag on the rehearsal date; valuable jewellery should be left at home.	Las partes del vestuario que el centro no pueda facilitar deben traerse en una bolsa con nombre el día del ensayo; las joyas de valor deben quedarse en casa.
W	school-c1s-rehearsal-late	schoolNotices	Rehearsals in production week will finish later than the usual club time; please collect from the theatre door and not from the main playground.	Los ensayos de la semana de función terminarán más tarde que la hora habitual de los clubs; recojan en la puerta del teatro, no en el patio principal.
W	school-c1s-sports-day	schoolNotices	Sports day will proceed if the field is fit; a wet-weather programme in the hall will be used only if the field is unsafe, and a message will be sent that morning.	El día del deporte se celebrará si el campo está en condiciones; solo se usará un programa de lluvia en el pabellón si el campo no es seguro, y se enviará un mensaje esa mañana.
W	school-c1s-cross-country	schoolNotices	The cross-country fixture is off site; a parent who wishes to spectate must stay behind the marked line and must not pace an individual pupil along the course.	El campo a través es fuera del recinto; un padre que quiera verlo debe quedarse detrás de la línea marcada y no debe ir al paso de un alumno por el recorrido.
W	school-c1s-food-tech	schoolNotices	Ingredients for food technology should be brought in a named container on the lesson day; unused food will not be stored overnight and will be disposed of.	Los ingredientes de tecnología de los alimentos deben traerse en un recipiente con nombre el día de la clase; la comida no usada no se guardará de un día para otro y se desechará.
W	school-c1s-design-materials	schoolNotices	Specialist materials for a design project, if the family is asked to supply them, should be named and of the specification issued; substitutes that fail the safety check will not be used.	Los materiales especializados de un proyecto de diseño, si se pide a la familia que los aporte, deben llevar nombre y ajustarse a la especificación; no se usarán sustitutos que no pasen el control de seguridad.
W	school-c1s-art-smock	schoolNotices	An old shirt or a school smock should be worn in painting lessons; the school will not reimburse clothing stained when no cover was worn.	En las clases de pintura debe llevarse una camisa vieja o una bata del centro; el centro no reembolsará la ropa manchada si no se llevó protección.
W	school-c1s-calculator-exam	schoolNotices	A permitted calculator may be used in the mock; a phone may not be used as a calculator and will be treated as unauthorised material if it is out in the room.	En el examen de prueba puede usarse una calculadora permitida; un teléfono no vale como calculadora y se tratará como material no autorizado si está a la vista en el aula.
W	school-c1s-parent-governor	schoolNotices	A parent-governor vacancy is open; nomination forms must reach the clerk by the date overleaf and campaign material may not be sent through class groups.	Hay una vacante de padre o madre en el consejo; las candidaturas deben llegar al secretario en la fecha del dorso y no puede enviarse material de campaña por los grupos de clase.
W	school-c1s-pta-event	schoolNotices	The parent-teacher association fair is not a school day; pupils attending must be supervised by the adult who brings them and may not roam the site alone.	La feria de la asociación de padres no es un día lectivo; el alumnado que asista debe estar bajo la supervisión del adulto que lo traiga y no puede recorrer el recinto solo.
W	school-c1s-book-fair	schoolNotices	Book-fair purchases are optional; no child will be singled out for not buying, and a wish-list may be left at the stall if you prefer to pay later.	Las compras de la feria del libro son potestativas; no se señalará a ningún niño por no comprar, y puede dejarse una lista de deseos en el puesto si prefieren pagar después.
W	school-c1s-curriculum-workshop	schoolNotices	A curriculum workshop for families is offered on the date below; it is not a progress meeting about your own child and individual questions of that kind should be booked separately.	Se ofrece un taller de currículo para familias en la fecha abajo; no es una reunión de progreso sobre su hijo y las preguntas individuales de ese tipo deben reservarse aparte.
W	school-c1s-phonics-meeting	schoolNotices	The phonics information meeting explains the method used in school; it is not a private lesson and younger siblings cannot be accommodated in the hall.	La reunión informativa de fonética explica el método del centro; no es una clase particular y no cabe acomodar a hermanos menores en el salón.
W	school-c1s-sats-information	schoolNotices	The year-six assessment information evening will set out what is statutory and what is school practice; sample papers issued that night should stay at home until the published window.	La velada informativa de las evaluaciones de sexto expondrá qué es estatutario y qué es práctica del centro; los exámenes de muestra que se entreguen esa noche deben quedarse en casa hasta la ventana publicada.
W	school-c1s-gcse-options	schoolNotices	The GCSE options evening is for year-nine families; older pupils seeking a late change of subject should book a careers slot instead of joining that hall session.	La velada de optativas de GCSE es para las familias de tercero de ESO; el alumnado mayor que busque un cambio tardío de materia debe reservar una franja de orientación en vez de unirse a esa sesión en el salón.
W	school-c1s-alevel-options	schoolNotices	Provisional A-level blocks will be published after the options evening; a combination that does not fit the blocks cannot be guaranteed however strong the case.	Los bloques provisionales de A-level se publicarán después de la velada de optativas; no se puede garantizar una combinación que no quepa en los bloques, por sólido que sea el caso.
W	school-c1s-settling-in	schoolNotices	A settling-in meeting is offered in the third week for new joiners; it is a short conversation about how the pupil is finding the routines, not a full academic review.	Se ofrece una reunión de aclimatación en la tercera semana para las nuevas incorporaciones; es una conversación breve sobre cómo le sientan las rutinas al alumno, no una revisión académica completa.
W	school-c1s-transition-y6	schoolNotices	The year-six transition visit includes a tour and a sample lesson; parents remain in the hall for the briefing and should not accompany the group around the site.	La visita de transición de sexto incluye un recorrido y una clase de muestra; las familias permanecen en el salón para la exposición y no deben acompañar al grupo por el recinto.
W	school-c1s-music-consent	schoolNotices	Instrumental lessons billed by the music service require a separate consent; a term's notice is needed to stop lessons, and a verbal message with the pupil is not notice.	Las clases de instrumento que factura el servicio de música exigen una autorización aparte; hace falta un preaviso de un trimestre para dejarlas, y un recado oral con el alumno no es preaviso.
W	school-c1s-instrument-hire	schoolNotices	Hired instruments remain the property of the music service; damage beyond fair wear will be billed and the instrument should travel in the case provided.	Los instrumentos alquilados siguen siendo del servicio de música; el daño que exceda el desgaste justo se facturará y el instrumento debe viajar en el estuche facilitado.
W	school-c1s-choir-tour	schoolNotices	Choir-tour consent covers travel, accommodation and the published rehearsal hours; additional excursions proposed on the day will be offered only if a further written yes is obtained.	La autorización de la gira del coro cubre el viaje, el alojamiento y las horas de ensayo publicadas; las excursiones extra que se propongan el mismo día solo se ofrecerán si se obtiene otro sí por escrito.
W	school-c1s-photo-newsletter	schoolNotices	Photographs for the newsletter will be used only where the current photo-preference on file allows it; a change of preference should be sent to the office, not written on a slip given to the child.	Las fotografías del boletín solo se usarán si la preferencia fotográfica vigente en el expediente lo permite; un cambio de preferencia debe enviarse a secretaría, no escribirse en un papel dado al niño.
W	school-c1s-filming-lesson	schoolNotices	A lesson may be filmed for staff training; pupils whose families have withheld image consent will be seated out of shot or the camera will be stopped if that cannot be arranged.	Cabe filmar una clase para la formación del personal; el alumnado cuya familia haya denegado el consentimiento de imagen se sentará fuera de plano, o se parará la cámara si no puede arreglarse.
W	school-c1s-visitor-badge	schoolNotices	A visitor badge must remain visible for the whole of the visit; anyone found on site without a badge will be walked back to reception.	La acreditación de visitante debe permanecer visible durante toda la visita; a quien se halle en el recinto sin ella se le acompañará de vuelta a recepción.
W	school-c1s-change-address	schoolNotices	A change of address should be given in writing with the date it takes effect; until then, official letters will continue to go to the address already on file.	Un cambio de domicilio debe comunicarse por escrito con la fecha en que surte efecto; hasta entonces, las cartas oficiales seguirán yendo a la dirección que ya consta.
W	school-c1s-packed-allergy	schoolNotices	If a packed lunch is sent on a trip day, it must follow the allergy list issued with the consent pack; leftover food will not be stored on the coach for the return journey.	Si se envía un almuerzo empaquetado el día de la excursión, debe atenerse a la lista de alergias del paquete de autorización; la comida sobrante no se guardará en el autobús para la vuelta.
W	school-b2s-trip-consent-thursday	schoolNotices	Consent forms must reach the office by Thursday midday; after that the ticket allocation is closed and late names cannot be added. Pupils without a signed form will follow the normal timetable on site.	Las autorizaciones deben llegar a secretaría el jueves a mediodía; pasado ese plazo, el cupo de entradas se cierra y no se podrán añadir nombres tardíos. El alumnado sin formulario firmado seguirá el horario habitual en el centro.
W	school-b2s-trip-optional-fee	schoolNotices	The museum visit is optional and therefore chargeable; a place is only reserved once the contribution has been received. Pupils who do not take part remain in school and follow a supervised programme.	La visita al museo es voluntaria y por tanto de pago; solo se reserva plaza cuando se ha recibido la aportación. Quienes no participen permanecen en el centro y siguen un programa vigilado.
W	school-b2s-trip-instalments	schoolNotices	The residential trip may be paid in three instalments, provided the first is received by the date on the letter. A place cannot be held on a promise of payment alone.	El viaje con pernocta puede pagarse en tres plazos, siempre que el primero llegue en la fecha de la circular. No se puede reservar plaza solo con una promesa de pago.
W	school-b2s-trip-packed-lunch	schoolNotices	Pupils should bring a named packed lunch without nuts, as several children in the year group have a serious allergy. The canteen will not provide a meal on that day.	Deben traer un almuerzo con nombre, sin frutos secos, porque varios niños del curso tienen alergia grave. El comedor no servirá comida ese día.