W	tech-answer-c2t-metaphor-earns	techAnswers	It has changed what you can see, not just decorated what you already saw. If you can lift it out and the thought still stands in the same clothes, it was jewellery.	Ha cambiado lo que se puede ver, no solo ha adornado lo que ya se veía. Si se puede sacar y el pensamiento sigue vestido igual, era joyería.
W	tech-question-c2t-cadence-list	techQuestions	What is this list of objects doing to the sentence's cadence?	¿Qué le hace esta lista de objetos a la cadencia de la frase?
W	tech-answer-c2t-cadence-list	techAnswers	It is slowing the breath so the last item can land. If every item has the same weight, the list is only inventory.	Frena el aliento para que el último elemento pueda posarse. Si cada elemento pesa lo mismo, la lista es solo un inventario.
W	tech-question-c2t-narrator-lean	techQuestions	Where does this narrator start leaning on the reader?	¿Dónde este narrador empieza a recargarse en el lector?
W	tech-answer-c2t-narrator-lean	techAnswers	They start when they tell us how to feel about a gesture we have just seen. A lean like that is a hand on the back of the neck.	Empieza cuando nos dice qué sentir ante un gesto que acabamos de ver. Ese recargo es una mano en la nuca.
W	tech-question-c2t-free-indirect	techQuestions	What has free indirect style done to the judgement in this paragraph?	¿Qué le ha hecho el estilo indirecto libre al juicio de este párrafo?
W	tech-answer-c2t-free-indirect	techAnswers	It has let the character's adjectives walk in without quote marks. We think the page is sober when it is only wearing their coat.	Ha dejado entrar los adjetivos del personaje sin comillas. Creemos que la página es sobria cuando solo lleva su abrigo.
W	tech-question-c2t-chapter-cut	techQuestions	Why does this chapter cut in the kitchen rather than at the argument?	¿Por qué este capítulo corta en la cocina y no en la pelea?
W	tech-answer-c2t-chapter-cut	techAnswers	Because the argument is already in the way a glass is set down. Ending on the shout would tell us what we know; the glass keeps it overnight.	Porque la pelea ya está en el modo de dejar un vaso. Terminar en el grito nos diría lo que sabemos; el vaso lo guarda hasta la mañana.
W	tech-question-c2t-epigraph-work	techQuestions	What work is this epigraph doing that the first page then refuses?	¿Qué trabajo hace este epígrafe que la primera página luego rehúsa?
W	tech-answer-c2t-epigraph-work	techAnswers	It is promising a gravity the chapter treats as scenery. A borrowed line that the book never answers is a borrowed coat left on a chair.	Promete una gravedad que el capítulo trata como decorado. Una línea prestada a la que el libro no responde nunca es un abrigo dejado en una silla.
W	tech-question-c2t-title-overreach	techQuestions	How has the title overreached what the novel can pay?	¿En qué se ha pasado de largo el título respecto de lo que la novela puede pagar?
W	tech-answer-c2t-title-overreach	techAnswers	It has named a fate the pages only glance at. A reader who came for the fate will feel they were sold a corridor.	Ha nombrado un destino que las páginas solo rozan. Un lector que vino por el destino sentirá que le vendieron un pasillo.
W	tech-question-c2t-weather-mood	techQuestions	When does the weather stop being weather and start being an instruction?	¿Cuándo el tiempo deja de ser tiempo y empieza a ser una instrucción?
W	tech-answer-c2t-weather-mood	techAnswers	It starts when every cloud is timed to a feeling we were about to have anyway. Rain that arrives because the scene is sad is a stagehand in a wet coat.	Empieza cuando cada nube está calzada a un sentimiento que ya íbamos a tener. Una lluvia que llega porque la escena es triste es un tramoyista con gabardina.
W	tech-question-c2t-withheld-name	techQuestions	What does withholding the name do in the first twenty pages?	¿Qué hace retener el nombre en las primeras veinte páginas?
W	tech-answer-c2t-withheld-name	techAnswers	It makes us lean in, if the person is otherwise sharp. Withheld without a face or a voice, it is only a puzzle the author is pleased with.	Nos hace inclinarnos, si la persona es por lo demás nítida. Retenido sin rostro ni voz, no es más que un enigma del que el autor está satisfecho.
W	tech-question-c2t-letter-in-book	techQuestions	What has the letter inside the novel done that the narrator would not dare?	¿Qué ha hecho la carta dentro de la novela que el narrador no se atrevería?
W	tech-answer-c2t-letter-in-book	techAnswers	It has let a second voice spend a night in the book without being managed. If the narrator paraphrases it first, the letter is already dead.	Ha dejado que una segunda voz pase una noche en el libro sin que la manejen. Si el narrador la parafrasea antes, la carta ya está muerta.
W	tech-question-c2t-diary-voice	techQuestions	Where does this diary voice start performing for a future reader?	¿Dónde esta voz de diario empieza a actuar para un lector futuro?
W	tech-answer-c2t-diary-voice	techAnswers	It starts when the sentences tidy themselves for posterity. A true diary sentence still has the day's crumbs on it.	Empieza cuando las frases se arreglan para la posteridad. Una frase de diario de verdad todavía tiene las migas del día.
W	tech-question-c2t-translation-loss	techQuestions	What has this translation kept that the original could afford to lose?	¿Qué ha conservado esta traducción que el original podía permitirse perder?
W	tech-answer-c2t-translation-loss	techAnswers	It has kept the furniture of the jokes and lost their timing. A joke that arrives a beat late in the new language is a guest who missed the toast.	Ha conservado el mobiliario de los chistes y ha perdido su tempo. Un chiste que llega un tiempo tarde en la lengua nueva es un invitado que se perdió el brindis.
W	tech-question-c2t-poem-break	techQuestions	What does the line-break after 'still' actually do to the breath?	¿Qué le hace de verdad al aliento el corte de verso después de «aún»?
W	tech-answer-c2t-poem-break	techAnswers	It makes 'still' do two jobs at once, the adverb and the hush. A break that only looks pretty on the page is a staircase to nowhere.	Hace que «aún» haga dos oficios a la vez, el adverbio y el silencio. Un corte que solo es bonito en la página es una escalera a ninguna parte.
W	tech-question-c2t-play-silence	techQuestions	How would you put the silence on the page so an actor can use it?	¿Cómo pondría el silencio en la página para que un actor pueda usarlo?
W	tech-answer-c2t-play-silence	techAnswers	I would leave the white and a stage direction that names the action, not the feeling. Telling them to look heartbroken is a theft of their evening.	Dejaría el blanco y una acotación que nombre la acción, no el sentimiento. Decirles que parezcan deshechos les roba la noche.
W	tech-question-c2t-story-turn	techQuestions	Where does this short story actually turn?	¿Dónde gira de verdad este cuento?
W	tech-answer-c2t-story-turn	techAnswers	It turns when the narrator stops defending the friend and notices the coat on the chair. The plot twist later is only confirming what the coat already said.	Gira cuando el narrador deja de defender al amigo y repara en el abrigo sobre la silla. El giro de la trama más tarde solo confirma lo que el abrigo ya dijo.
W	tech-question-c2t-adjective-pile	techQuestions	What has this pile of adjectives done to the noun?	¿Qué le ha hecho este montón de adjetivos al sustantivo?
W	tech-answer-c2t-adjective-pile	techAnswers	It has hidden it under praise until we cannot see its shape. One right adjective would have left the noun room to stand.	Lo ha escondido bajo el elogio hasta que no se le ve la forma. Un solo adjetivo cabal le habría dejado sitio para tenerse en pie.
W	tech-question-c2t-dead-simile	techQuestions	Why does this simile fail even though it is pretty?	¿Por qué falla este símil aunque sea bonito?
W	tech-answer-c2t-dead-simile	techAnswers	Because we have already heard the sea compared to that, and the sentence knows it. A pretty comparison that arrives tired is a guest repeating last year's story.	Porque ya hemos oído el mar comparado con eso, y la frase lo sabe. Una comparación bonita que llega cansada es un invitado que repite el cuento del año pasado.
W	tech-question-c2t-forced-symbol	techQuestions	How can you tell the white bird has been asked to do too much?	¿Cómo se nota que al pájaro blanco se le ha pedido demasiado?
W	tech-answer-c2t-forced-symbol	techAnswers	It returns every time the author needs a feeling they have not written. A symbol that clocks in on cue is staff, not an image.	Vuelve cada vez que el autor necesita un sentimiento que no ha escrito. Un símbolo que ficha puntual es personal, no una imagen.
W	tech-question-c2t-circle-ending	techQuestions	What does a circular ending owe the reader if it is not to feel cheap?	¿Qué le debe un final circular al lector para no parecer barato?
W	tech-answer-c2t-circle-ending	techAnswers	It owes them a change in the second hearing of the first line. If the line comes back unchanged, the circle was only a trick of architecture.	Le debe un cambio en la segunda escucha de la primera línea. Si la línea vuelve intacta, el círculo era solo un truco de arquitectura.
W	tech-question-c2t-prologue-alibi	techQuestions	What is this prologue doing that the novel should have done alone?	¿Qué hace este prólogo que la novela debió haber hecho sola?
W	tech-answer-c2t-prologue-alibi	techAnswers	It is handing us a map because the first chapter is afraid to begin. A prologue that explains the weather of the book is an alibi for a cold opening.	Nos tiende un mapa porque el primer capítulo tiene miedo de empezar. Un prólogo que explica el clima del libro es una coartada para una apertura fría.
W	tech-question-c2t-afterword-fret	techQuestions	What has the afterword undone that the last chapter had earned?	¿Qué ha deshecho el epílogo que el último capítulo había ganado?
W	tech-answer-c2t-afterword-fret	techAnswers	It has explained the grief we were allowed to keep. An author who cannot leave the table keeps talking until the meal is cold.	Ha explicado la pena que se nos dejaba guardar. Un autor que no puede dejar la mesa sigue hablando hasta que la comida se enfría.
W	tech-question-c2t-landscape-fill	techQuestions	When does landscape in this chapter become padding?	¿Cuándo el paisaje de este capítulo se vuelve relleno?
W	tech-answer-c2t-landscape-fill	techAnswers	It becomes padding when the hills are named and no one looks at them for a reason. Description that does not change a decision is wallpaper.	Se vuelve relleno cuando se nombran las colinas y nadie las mira por un motivo. Una descripción que no cambia ninguna decisión es papel tapiz.
W	tech-question-c2t-speech-on-page	techQuestions	How do you write a speech for the page so it still has a mouth?	¿Cómo se escribe un discurso para la página de modo que aún tenga boca?
W	tech-answer-c2t-speech-on-page	techAnswers	I would keep the repeats that a speaker needs and cut the ones that only look like rhetoric. A speech that has been combed of its breath will lie there like a press release.	Conservaría las repeticiones que un orador necesita y cortaría las que solo parecen retórica. Un discurso peinado de su aliento quedará ahí como un comunicado.
W	tech-question-c2t-eulogy-page	techQuestions	What should a written eulogy refuse to do to the dead?	¿Qué debe negarse a hacerle a la persona muerta una oración fúnebre escrita?
W	tech-answer-c2t-eulogy-page	techAnswers	It should refuse to tidy them into a lesson for the living. The person was not a proverb, and the room knows it.	Debe negarse a ordenarla en lección para los vivos. Esa persona no era un proverbio, y la sala lo sabe.
W	tech-question-c2t-first-sentence	techQuestions	What has this first sentence promised that page twenty will have to pay?	¿Qué ha prometido esta primera frase que la página veinte tendrá que pagar?
W	tech-answer-c2t-first-sentence	techAnswers	It has promised a mind we will want to stay with, not a stunt. A first sentence that only startles will look cheap once the light is ordinary.	Ha prometido una mente con la que querrá uno quedarse, no un número. Una primera frase que solo sobresalta parecerá barata cuando la luz sea ordinaria.
W	tech-question-c2t-last-sentence	techQuestions	How does this last sentence refuse the bow the reader was expecting?	¿Cómo rehúsa esta última frase la reverencia que el lector esperaba?
W	tech-answer-c2t-last-sentence	techAnswers	It leaves a cup on the table and does not tell us who will wash it. The expected bow would have closed a case that the book wanted left ajar.	Deja una taza en la mesa y no dice quién la lavará. La reverencia esperada habría cerrado un caso que el libro quería entreabierto.
W	tech-question-c2t-paragraph-breath	techQuestions	Where should this paragraph break if it is to keep its breath?	¿Dónde debería cortarse este párrafo para guardar el aliento?
W	tech-answer-c2t-paragraph-breath	techAnswers	It should break after the concession, before the return blow. Keeping both in one lung will make the return sound like a mutter.	Debería cortarse después de la concesión, antes del golpe de vuelta. Tener ambos en un solo pulmón hará que la vuelta suene a murmuración.
W	tech-question-c2t-semicolon-rest	techQuestions	What is the semicolon doing in this sentence that a full stop would spoil?	¿Qué hace el punto y coma en esta frase que un punto estropearía?
W	tech-answer-c2t-semicolon-rest	techAnswers	It is letting the second thought lean on the first without becoming a new speech. A full stop here would dress the afterthought as a verdict.	Deja que el segundo pensamiento se apoye en el primero sin volverse otro discurso. Un punto aquí vestiría la ocurrencia tardía de veredicto.
W	tech-question-c2t-dash-aside	techQuestions	What has this dash done to the voice of the sentence?	¿Qué le ha hecho esta raya a la voz de la frase?
W	tech-answer-c2t-dash-aside	techAnswers	It has let the speaker turn their head and still keep the sentence on its feet. A parenthesis in the same place would have whispered; the dash is still in the room.	Ha dejado que quien habla vuelva la cabeza y la frase siga en pie. Un paréntesis en el mismo sitio habría susurrado; la raya sigue en la habitación.
W	tech-question-c2t-review-plot	techQuestions	What has a review that retells the plot actually withheld from the reader?	¿Qué le ha retenido de verdad al lector una reseña que cuenta la trama?
W	tech-answer-c2t-review-plot	techAnswers	It has withheld a judgement they could use in a bookshop. They now know what happens and still do not know whether it is any good.	Le ha retenido un juicio que podría usar en una librería. Ya sabe qué pasa y aún no sabe si vale.
W	tech-question-c2t-review-style	techQuestions	How do you praise a style without making the review a costume chest?	¿Cómo se alaba un estilo sin que la reseña sea un baúl de disfraces?
W	tech-answer-c2t-review-style	techAnswers	I would show one sentence doing its work, then say what that work costs. A list of pretty words is a shop window, not a reading.	Mostraría una frase haciendo su trabajo, y luego diría lo que ese trabajo cuesta. Una lista de palabras bonitas es un escaparate, no una lectura.
W	tech-question-c2t-review-moral	techQuestions	Where does this review start punishing the novel for the century?	¿Dónde esta reseña empieza a castigar a la novela por el siglo?
W	tech-answer-c2t-review-moral	techAnswers	It starts when the characters are scolded for not holding our present views. A novel can be wrong and still be a novel; a sermon is another genre.	Empieza cuando se riñe a los personajes por no sostener nuestras ideas de ahora. Una novela puede equivocarse y seguir siendo novela; el sermón es otro género.
W	tech-question-c2t-column-anecdote	techQuestions	What is this opening anecdote doing that a thesis sentence would have done faster?	¿Qué hace esta anécdota inicial que una frase-tesis habría hecho más de prisa?
W	tech-answer-c2t-column-anecdote	techAnswers	It is buying trust before the claim, if the anecdote is true and small. If it is a parable in costume, the column has already started lying.	Compra confianza antes de la tesis, si la anécdota es cierta y chica. Si es una parábola disfrazada, la columna ya empezó a mentir.
W	tech-question-c2t-essay-opening	techQuestions	How would you open this essay without announcing the tour?	¿Cómo abriría este ensayo sin anunciar el recorrido?
W	tech-answer-c2t-essay-opening	techAnswers	I would begin on the object and let the question rise from it. A first paragraph that maps the next eight is a guide with a flag, not an essay.	Empezaría por el objeto y dejaría que la pregunta subiera de él. Un primer párrafo que mapea los ocho siguientes es un guía con banderín, no un ensayo.
W	tech-question-c2t-essay-turn	techQuestions	Where should this essay turn if it is not to flatten its own case?	¿Dónde debería girar este ensayo para no aplastar su propio caso?
W	tech-answer-c2t-essay-turn	techAnswers	It should turn where the best objection lives, and stay there a page. A turn that is only a courtesy visit will be smelled as such.	Debería girar donde vive la mejor objeción, y quedarse ahí una página. Un giro que es solo una visita de cortesía se olerá como tal.
W	tech-question-c2t-blurb-inflation	techQuestions	What has this blurb inflated beyond what a reader can cash?	¿Qué ha hinchado esta solapa más allá de lo que un lector puede cobrar?
W	tech-answer-c2t-blurb-inflation	techAnswers	It has inflated a quiet book into a revelation. The reader who buys the revelation will feel cheated by a good, smaller novel.	Ha hinchado un libro callado hasta volverlo una revelación. El lector que compra la revelación se sentirá engañado por una buena novela más chica.
W	tech-question-c2t-jacket-promise	techQuestions	How do you write jacket copy that does not lie about the temperature of the book?	¿Cómo se escribe una contraportada que no mienta sobre la temperatura del libro?
W	tech-answer-c2t-jacket-promise	techAnswers	I would keep the nouns the book itself can pay, and drop the thunder. Thunder on a mild novel is a poster for another film.	Conservaría los nombres que el propio libro puede pagar, y soltaría el trueno. Trueno sobre una novela tibia es el cartel de otra película.
W	tech-question-c2t-child-narrator	techQuestions	What must a child narrator still be allowed to miss?	¿Qué hay que seguir permitiendo que un narrador niño no vea?
W	tech-answer-c2t-child-narrator	techAnswers	They must miss the adult plot that the room can see. If they understand everything we understand, the child is a costume.	Debe perderse la trama adulta que la sala sí ve. Si entiende todo lo que entendemos nosotros, el niño es un disfraz.
W	tech-question-c2t-old-narrator	techQuestions	Where does this old narrator start selling us their wisdom?	¿Dónde este narrador viejo empieza a vendernos su sabiduría?
W	tech-answer-c2t-old-narrator	techAnswers	They start when every memory arrives already interpreted. An old voice that still lets a fact sit unexplained is rarer than a maxim.	Empieza cuando cada recuerdo llega ya interpretado. Una voz vieja que aún deja un hecho sin explicación es más rara que una máxima.
W	tech-question-c2t-unsent-letter	techQuestions	What has writing the unsent letter done for the person who will never read it?	¿Qué ha hecho escribir la carta no enviada por la persona que nunca la leerá?
W	tech-answer-c2t-unsent-letter	techAnswers	It has taken the heat off the next real page they will send. The drawer now holds the speech; the stamp can carry something smaller and truer.	Le ha quitado el calor a la próxima página de verdad que le mandarán. El cajón guarda ahora el discurso; el sello puede llevar algo más chico y más cierto.
W	tech-question-c2t-postcard-weight	techQuestions	How can a postcard carry more than weather without becoming a letter in disguise?	¿Cómo puede una postal cargar más que el tiempo sin volverse una carta disfrazada?
W	tech-answer-c2t-postcard-weight	techAnswers	By choosing one image and one clause that the picture cannot say. Two sides of small talk will travel as lightly as they weigh.	Eligiendo una imagen y una cláusula que la foto no puede decir. Dos caras de conversación liviana viajarán tan livianas como pesan.
W	tech-question-c2t-dream-scene	techQuestions	What should a dream scene refuse to do for the plot?	¿Qué debe negarse a hacer por la trama una escena de sueño?
W	tech-answer-c2t-dream-scene	techAnswers	It should refuse to deliver the missing clue in costume. A dream that solves the book is a memo wearing a nightshirt.	Debe negarse a entregar la pista que faltaba disfrazada. Un sueño que resuelve el libro es un memorando en camisón.
W	tech-question-c2t-memory-cut	techQuestions	How does this memory cut earn the jump back to the kitchen?	¿Cómo gana este corte de memoria el salto de vuelta a la cocina?
W	tech-answer-c2t-memory-cut	techAnswers	It changes how we see the hand that is drying the cup. A memory that only fills a page and returns us unchanged is a detour.	Cambia el modo en que vemos la mano que seca la taza. Un recuerdo que solo llena una página y nos devuelve iguales es un rodeo.
W	tech-question-c2t-time-jump	techQuestions	What must a time jump still carry across the white space?	¿Qué debe seguir cargando un salto de tiempo a través del blanco?
W	tech-answer-c2t-time-jump	techAnswers	It must carry a body that has aged in a way the next sentence can use. Ten years that leave everyone in the same clothes are a caption, not a jump.	Debe cargar un cuerpo que ha envejecido de un modo que la frase siguiente pueda usar. Diez años que dejan a todos con la misma ropa son un pie de foto, no un salto.
W	tech-question-c2t-second-person	techQuestions	When does 'you' on the page start to bully the reader?	¿Cuándo el «tú» de la página empieza a intimidar al lector?
W	tech-answer-c2t-second-person	techAnswers	It starts when the 'you' is assigned feelings they have not had. A second person that offers a seat is company; one that points is a finger.	Empieza cuando se le adjudican al «tú» sentimientos que no ha tenido. Un tú que ofrece asiento es compañía; uno que señala es un dedo.
W	tech-question-c2t-present-tense	techQuestions	What does the present tense cost this novel if it never lets a day cool?	¿Qué le cuesta el presente a esta novela si nunca deja enfriar un día?
W	tech-answer-c2t-present-tense	techAnswers	It costs us the right to remember with the narrator. Everything is still happening, so nothing can yet be weighed.	Nos cuesta el derecho a recordar con el narrador. Todo sigue ocurriendo, así que nada puede pesarse aún.
W	tech-question-c2t-footnote-tale	techQuestions	What is this footnote doing in a story that should have held its nerve?	¿Qué hace esta nota al pie en un relato que debió haber aguantado el tipo?
W	tech-answer-c2t-footnote-tale	techAnswers	It is winking at a joke the page was too shy to make. A footnote that performs cleverness is a second book trying to get in.	Le guiña el ojo a un chiste que la página era demasiado tímida para hacer. Una nota que representa ingenio es un segundo libro que quiere entrar.
W	tech-question-c2t-dedication-private	techQuestions	How private can a dedication stay once it is printed?	¿Qué tan privada puede seguir una dedicatoria una vez impresa?
W	tech-answer-c2t-dedication-private	techAnswers	It can stay private in its initials and still be public in its tenderness. A dedication that explains itself to strangers has already left the kitchen.	Puede seguir privada en sus iniciales y pública en su ternura. Una dedicatoria que se explica a los extraños ya salió de la cocina.
W	tech-question-c2t-toast-written	techQuestions	How do you write a toast that will still stand when it is read, not spoken?	¿Cómo se escribe un brindis que se sostenga aún cuando se lee, no cuando se dice?
W	tech-answer-c2t-toast-written	techAnswers	I would keep one story and one wish, and cut the tour of virtues. On the page a list of adjectives is a brochure; in the room it might have been forgiven.	Conservaría una historia y un deseo, y cortaría el recorrido de virtudes. En la página, una lista de adjetivos es un folleto; en la sala quizá se habría perdonado.
W	tech-question-c2t-preface-borrowed	techQuestions	What has a borrowed preface done to a first book that might have stood alone?	¿Qué le ha hecho un prólogo prestado a un primer libro que podría haberse tenido solo?
W	tech-answer-c2t-preface-borrowed	techAnswers	It has asked a famous name to vouch for a voice that had not yet been heard. Some readers will hear the voucher and not the book.	Ha pedido a un nombre famoso que avale una voz que aún no se había oído. Algunos lectores oirán el aval y no el libro.
W	tech-question-c2t-theatre-interval	techQuestions	What should interval copy refuse to tell an audience that is coming back?	¿Qué debe negarse a decirle a un público que vuelve un texto de entreacto?
W	tech-answer-c2t-theatre-interval	techAnswers	It should refuse to tell them what the second half will mean. A programme note that solves the play is an usher who cannot keep a confidence.	Debe negarse a decirles qué querrá decir la segunda mitad. Una nota de programa que resuelve la obra es un acomodador que no sabe callar.
W	tech-question-c2t-gallery-note	techQuestions	How do you write a wall note that does not steal the looking?	¿Cómo se escribe una cédula de sala que no robe la mirada?
W	tech-answer-c2t-gallery-note	techAnswers	I would give the date, the material, and one door into the work. A paragraph that tells us we are in the presence of genius has already done the looking for us.	Daría la fecha, el material y una puerta hacia la obra. Un párrafo que nos dice que estamos ante el genio ya ha mirado por nosotros.
W	tech-question-c2t-concert-programme	techQuestions	What belongs in a programme note that a standing ovation later cannot say?	¿Qué cabe en una nota de programa que una ovación después no podrá decir?
W	tech-answer-c2t-concert-programme	techAnswers	A word about why this order of pieces, and what the silence between them is for. Praise in advance of the playing is applause printed too early.	Una palabra sobre por qué este orden de piezas, y para qué es el silencio entre ellas. El elogio antes de tocar es un aplauso impreso demasiado pronto.
W	tech-question-c2t-translation-voice	techQuestions	Where has this translator started writing a second author into the room?	¿Dónde ha empezado este traductor a meter a un segundo autor en la sala?
W	tech-answer-c2t-translation-voice	techAnswers	They start when every sentence gets a little taller than the original could stand. Fidelity is not smallness, but it is not a promotion either.	Empieza cuando cada frase se hace un poco más alta de lo que el original podía sostener. La fidelidad no es pequeñez, pero tampoco es un ascenso.
W	tech-question-c2t-dialect-page	techQuestions	How do you put a spoken dialect on the page without making a souvenir of it?	¿Cómo se pone un habla en la página sin volverla un recuerdo de kiosco?
W	tech-answer-c2t-dialect-page	techAnswers	I would keep the rhythm and a few words that do work, and spare the apostrophes. A dialect spelled for tourists is a postcard of a mouth.	Conservaría el ritmo y unas pocas palabras que trabajan, y ahorraría los apóstrofos. Un dialecto ortografiado para turistas es una postal de una boca.
W	tech-question-c2t-list-as-music	techQuestions	When does a list on the page become music rather than a catalogue?	¿Cuándo una lista en la página se vuelve música y no un catálogo?
W	tech-answer-c2t-list-as-music	techAnswers	It becomes music when the last item changes the key of the ones before it. Until then it is a cupboard someone has left open.	Se vuelve música cuando el último elemento cambia la tonalidad de los anteriores. Hasta entonces es un armario que alguien dejó abierto.
W	tech-question-c2t-withheld-object	techQuestions	What does never naming the object in the drawer do for the story?	¿Qué le hace al relato no nombrar nunca el objeto del cajón?
W	tech-answer-c2t-withheld-object	techAnswers	It makes every opening of the drawer a moral event. If we never feel the weight of a real thing, the withholding is only a tease.	Convierte cada apertura del cajón en un suceso moral. Si nunca sentimos el peso de una cosa real, la retención es solo una pulla.
W	tech-question-c2t-scene-after	techQuestions	Why begin the chapter after the quarrel rather than inside it?	¿Por qué empezar el capítulo después de la pelea y no dentro de ella?
W	tech-answer-c2t-scene-after	techAnswers	Because the interesting thing is how they boil the kettle. The quarrel we can invent; the kettle we cannot.	Porque lo interesante es cómo hierven el agua. La pelea la podemos inventar; el hervidor, no.
W	tech-question-c2t-scene-before	techQuestions	What has starting before the guests arrive done for the dinner?	¿Qué le ha dado a la cena empezar antes de que lleguen los invitados?
W	tech-answer-c2t-scene-before	techAnswers	It has given us the fear in the placing of the glasses. Once the guests speak, that fear will have to hide in the serving.	Nos ha dado el miedo en el modo de colocar los vasos. Cuando hablen los invitados, ese miedo tendrá que esconderse en el servicio.
W	tech-question-c2t-dinner-table	techQuestions	Where does this dinner-table scene leak its true subject?	¿Dónde esta escena de mesa filtra su verdadero tema?
W	tech-answer-c2t-dinner-table	techAnswers	It leaks it in who is asked to pass the salt a second time. The speeches about the year are weather; the salt is the weather report.	Lo filtra en a quién se le pide la sal por segunda vez. Los discursos sobre el año son el tiempo; la sal es el parte.
W	tech-question-c2t-train-carriage	techQuestions	What is the carriage window doing that the dialogue is not?	¿Qué hace la ventanilla del vagón que no hace el diálogo?
W	tech-answer-c2t-train-carriage	techAnswers	It is showing the town they will not get off in. The talk is covering that fact with sandwiches.	Muestra el pueblo en el que no se bajarán. La charla cubre ese hecho con sándwiches.
W	tech-question-c2t-hotel-corridor	techQuestions	How does this corridor scene keep from becoming a cheap scare?	¿Cómo evita esta escena de pasillo volverse un susto barato?
W	tech-answer-c2t-hotel-corridor	techAnswers	It keeps the fear in the carpet and the wrong number on the door. A man with a knife would make the evening cheaper than it is.	Deja el miedo en la moqueta y el número equivocado en la puerta. Un hombre con un cuchillo abarataría la noche más de lo que es.
W	tech-question-c2t-kitchen-night	techQuestions	What has the two a.m. kitchen given the novel that the bedroom would not?	¿Qué le ha dado a la novela la cocina de las dos de la madrugada que no le habría dado el dormitorio?
W	tech-answer-c2t-kitchen-night	techAnswers	It has given a place where talk can happen without a bed as a verdict. People tell the truth more readily to a fridge light than to a pillow.	Le ha dado un sitio donde se puede hablar sin que la cama sea un veredicto. La gente dice la verdad más a gusto a la luz de un frigorífico que a una almohada.
W	tech-question-c2t-garden-gate	techQuestions	Why does the chapter end at the garden gate and not in the house?	¿Por qué el capítulo termina en la cancela y no en la casa?
W	tech-answer-c2t-garden-gate	techAnswers	Because the decision is whether to lift the latch. Inside, the evening would have to become a scene; at the gate it can still be a life.	Porque la decisión es si se alza el pestillo. Dentro, la noche tendría que volverse una escena; en la cancela aún puede ser una vida.
W	tech-question-c2t-river-bank	techQuestions	What is the river doing in this page besides looking like a river?	¿Qué hace el río en esta página además de parecer un río?
W	tech-answer-c2t-river-bank	techAnswers	It is giving them a place to look so they need not look at each other. If it starts explaining their marriage, it has become a counsellor in water.	Les da un sitio adonde mirar para no tener que mirarse. Si empieza a explicar su matrimonio, se ha vuelto un consejero de agua.
W	tech-question-c2t-empty-room	techQuestions	How do you write an empty room so it is not a list of abandoned objects?	¿Cómo se escribe un cuarto vacío para que no sea una lista de objetos abandonados?
W	tech-answer-c2t-empty-room	techAnswers	I would choose the one thing that still expects someone. A catalogue of absence is an inventory; a waiting cup is a sentence.	Elegiría la única cosa que aún espera a alguien. Un catálogo de ausencia es un inventario; una taza que espera es una frase.
W	tech-question-c2t-crowded-room	techQuestions	Where is the quiet in this crowded-room paragraph?	¿Dónde está el silencio en este párrafo de sala llena?
W	tech-answer-c2t-crowded-room	techAnswers	It is in the person by the window who is not in the talk. If everyone is equally loud on the page, the crowd has no depth.	Está en la persona junto a la ventana que no está en la charla. Si todos suenan igual de fuerte en la página, la muchedumbre no tiene fondo.
W	tech-question-c2t-column-city	techQuestions	What has this city column actually loved, besides the skyline?	¿Qué ha amado de verdad esta columna de ciudad, además del horizonte?
W	tech-answer-c2t-column-city	techAnswers	It has loved the hour when the shops are shut and the street is still a street. A skyline without a pavement is a postcard signed by nobody.	Ha amado la hora en que las tiendas están cerradas y la calle sigue siendo calle. Un horizonte sin acera es una postal firmada por nadie.
W	tech-question-c2t-column-season	techQuestions	How do you write a seasonal column that is not a calendar in costume?	¿Cómo se escribe una columna de estación que no sea un calendario disfrazado?
W	tech-answer-c2t-column-season	techAnswers	I would keep one change that a particular street has made, and drop the general autumn. General autumn is already in the shops; a particular street is still news.	Conservaría un cambio que ha hecho una calle concreta, y soltaría el otoño general. El otoño general ya está en las tiendas; una calle concreta sigue siendo noticia.
W	tech-question-c2t-museum-label	techQuestions	What should a museum label refuse to do to a quiet object?	¿Qué debe negarse a hacerle a un objeto callado una cédula de museo?
W	tech-answer-c2t-museum-label	techAnswers	It should refuse to make it a mascot for a century. A cup can be a cup and still be worth the walk upstairs.	Debe negarse a volverlo mascota de un siglo. Una taza puede ser una taza y valer aún la subida.
W	tech-question-c2t-architecture-walk	techQuestions	Where does this walk through the building start to lecture the stones?	¿Dónde este paseo por el edificio empieza a sermonear a las piedras?
W	tech-answer-c2t-architecture-walk	techAnswers	It starts when every cornice is made to confess an ideology. A building can be read; it should not be cross-examined in the rain.	Empieza cuando cada cornisa tiene que confesar una ideología. Un edificio se puede leer; no hay que interrogarlo bajo la lluvia.
W	tech-question-c2t-photograph-caption	techQuestions	How do you caption a photograph without locking the faces into a moral?	¿Cómo se pone pie a una fotografía sin encerrar los rostros en una moraleja?
W	tech-answer-c2t-photograph-caption	techAnswers	I would give the place, the year, and who held the camera if it matters. A caption that tells us what the eyes mean has already closed the picture.	Daría el lugar, el año, y quién sostenía la cámara si importa. Un pie que nos dice qué quieren decir los ojos ya ha cerrado la foto.
W	tech-question-c2t-obituary-restraint	techQuestions	What should an obituary leave unsaid that a eulogy in the room might still risk?	¿Qué debe callar una necrológica que una oración en la sala aún podría arriesgar?
W	tech-answer-c2t-obituary-restraint	techAnswers	It should leave unsaid the family quarrel that the paper cannot host. A printed score-settling will outlive the flowers and shame the living twice.	Debe callar la pelea de familia que el periódico no puede hospedar. Un ajuste de cuentas impreso sobrevivirá a las flores y avergonzará dos veces a los vivos.
W	tech-question-c2t-tribute-living	techQuestions	How do you write a tribute to the living without embalming them?	¿Cómo se escribe un homenaje a los vivos sin embalsamarlos?
W	tech-answer-c2t-tribute-living	techAnswers	I would praise a piece of work that is still in motion, and stop before the statue. A living person who reads themselves in bronze will not know how to go home.	Alabaría un trozo de trabajo que aún se mueve, y me detendría antes de la estatua. Un vivo que se lee en bronce no sabrá cómo volverse a casa.
W	tech-question-c2t-editorial-we	techQuestions	What has this editorial 'we' borrowed that a signed column would have to own?	¿Qué ha tomado prestado este «nosotros» editorial que una columna firmada tendría que asumir?
W	tech-answer-c2t-editorial-we	techAnswers	It has borrowed an institution's throat for a taste that is one person's. The building may not want that taste in the morning.	Ha tomado prestada la garganta de una institución para un gusto que es de una sola persona. El edificio puede no querer ese gusto por la mañana.
W	tech-question-c2t-travel-letter	techQuestions	Where does this travel letter start sending home a brochure?	¿Dónde esta carta de viaje empieza a mandar a casa un folleto?
W	tech-answer-c2t-travel-letter	techAnswers	It starts when every meal is 'unforgettable' and no one is named. A single true table will travel farther than a week of glow.	Empieza cuando cada comida es «inolvidable» y a nadie se nombra. Una sola mesa cierta viajará más lejos que una semana de brillo.
W	tech-question-c2t-island-note	techQuestions	How would you write the island so it is not a metaphor wearing sand?	¿Cómo escribiría la isla para que no sea una metáfora vestida de arena?
W	tech-answer-c2t-island-note	techAnswers	I would keep the ferry timetable and the shop that shuts on Wednesday. An island that only means solitude has already been used up by other pens.	Conservaría el horario del ferri y la tienda que cierra los miércoles. Una isla que solo quiere decir soledad ya la han gastado otras plumas.
W	tech-question-c2t-train-window	techQuestions	What is this train-window paragraph actually looking at?	¿Qué está mirando de verdad este párrafo de ventanilla de tren?
W	tech-answer-c2t-train-window	techAnswers	It is looking at the writer's own face in the glass, and calling it the country. The country is the allotment that does not know it is being turned into a mood.	Está mirando el rostro del escritor en el cristal, y lo llama el país. El país es el huerto que no sabe que lo están convirtiendo en un humor.
W	tech-question-c2t-hotel-paper	techQuestions	What does hotel stationery do to a sentence that home paper would not?	¿Qué le hace el papel de hotel a una frase que no le haría el de casa?
W	tech-answer-c2t-hotel-paper	techAnswers	It makes even a grocery list look like an assignation. Use that, or write as if you were at your own table and let the letterhead blush alone.	Hasta una lista de la compra parece una cita. Úsese eso, o escríbase como en la mesa de uno y déjese que el membrete se sonroje solo.
W	tech-question-c2t-library-slip	techQuestions	How do you write a request slip to a closed stack so a stranger will want to help?	¿Cómo se escribe un vale de depósito para que un extraño quiera ayudar?
W	tech-answer-c2t-library-slip	techAnswers	I would name the exact volume and why that edition, in one breath. A romance of the archive will make the desk think you want a tour, not a book.	Nombraría el volumen exacto y por qué esa edición, de un aliento. Un romance del archivo hará pensar al mostrador que usted quiere una visita, no un libro.
W	tech-question-c2t-margin-pencil	techQuestions	What should a pencil note in the margin refuse to become?	¿En qué debe negarse a convertirse una nota a lápiz en el margen?
W	tech-answer-c2t-margin-pencil	techAnswers	It should refuse to become a second essay on top of the first. A word or a query is a handshake; a paragraph is a hijacking.	Debe negarse a convertirse en un segundo ensayo encima del primero. Una palabra o una duda es un apretón de manos; un párrafo es un secuestro.
W	tech-question-c2t-book-inscription	techQuestions	How do you inscribe a book you are giving without writing a review on the flyleaf?	¿Cómo se dedica un libro que se regala sin escribir una reseña en la guarda?
W	tech-answer-c2t-book-inscription	techAnswers	I would put the date, the place, and one private clause. A flyleaf that argues for the book will make the gift look like homework.	Pondría la fecha, el lugar y una cláusula privada. Una guarda que argumenta a favor del libro hará que el regalo parezca un deber.
W	tech-question-c2t-wine-without-cant	techQuestions	How would you put the wine on the page without the usual cant?	¿Cómo pondría el vino en la página sin la jerga de siempre?
W	tech-answer-c2t-wine-without-cant	techAnswers	I would say what it did to the evening, not what fruit it impersonated. A list of berries is a shop talking to itself.	Diría lo que le hizo a la noche, no qué frutas impersonó. Una lista de bayas es una tienda hablándose a sí misma.
W	tech-question-c2t-rain-letter	techQuestions	What is the rain doing in this letter besides wetting the street?	¿Qué hace la lluvia en esta carta además de mojar la calle?
W	tech-answer-c2t-rain-letter	techAnswers	It is giving the writer an excuse to stay at the table and finish the hard sentence. If the rain is only atmosphere, the letter could have been written in sun and would not know it.	Le da a quien escribe una excusa para quedarse a la mesa y terminar la frase difícil. Si la lluvia es solo atmósfera, la carta podría haberse escrito al sol y no lo sabría.
W	tech-question-c2t-dusk-note	techQuestions	Why does this note choose dusk rather than noon for its hour?	¿Por qué esta nota elige el crepúsculo y no el mediodía para su hora?
W	tech-answer-c2t-dusk-note	techAnswers	Because dusk lets a sentence end without a verdict. Noon would have demanded they name the thing while the street was still busy.	Porque el crepúsculo deja que una frase termine sin veredicto. El mediodía habría exigido que nombraran el asunto mientras la calle aún estaba ocupada.
W	tech-question-c2t-anniversary-line	techQuestions	How do you mark an anniversary on paper without making a speech of it?	¿Cómo se marca un aniversario en el papel sin volverlo un discurso?
W	tech-answer-c2t-anniversary-line	techAnswers	I would name the year and one ordinary thing that has lasted. A parade of virtues will make the day look hired.	Nombraría el año y una cosa ordinaria que ha durado. Un desfile de virtudes hará que el día parezca alquilado.
W	tech-question-c2t-friendship-lapse	techQuestions	What has this letter after a lapse of years actually asked of the friend?	¿Qué le ha pedido de verdad esta carta después de años de silencio?
W	tech-answer-c2t-friendship-lapse	techAnswers	It has asked them to take up a conversation as if the gap were weather. Naming the gap in one clause is kinder than pretending the calendar did not move.	Le ha pedido retomar una conversación como si el hueco fuera el tiempo. Nombrar el hueco en una cláusula es más amable que fingir que el calendario no se movió.
W	tech-question-c2t-reunion-letter	techQuestions	Where does a reunion letter start writing the evening before it happens?	¿Dónde una carta de reencuentro empieza a escribir la noche antes de que ocurra?
W	tech-answer-c2t-reunion-letter	techAnswers	It starts when it assigns everyone the self they had at twenty. A letter that leaves room for the face at the door will be easier to live up to.	Empieza cuando le asigna a cada cual el yo que tenía a los veinte. Una carta que deja sitio para el rostro en la puerta será más fácil de cumplir.
W	tech-question-c2t-teacher-thanks	techQuestions	How do you thank a teacher decades on without making them a saint?	¿Cómo se da las gracias a un maestro décadas después sin volverlo un santo?
W	tech-answer-c2t-teacher-thanks	techAnswers	I would name one hour of theirs that still sits in my work. A lifetime of general gratitude is a statue; an hour is a person.	Nombraría una hora suya que aún se sienta en mi trabajo. Una vida de gratitud general es una estatua; una hora es una persona.
W	tech-question-c2t-mentor-farewell	techQuestions	What should a farewell to a mentor keep from turning into a CV of their gifts?	¿Qué debe impedir que un adiós a un mentor se vuelva un currículum de sus dones?
W	tech-answer-c2t-mentor-farewell	techAnswers	It should keep one disagreement you are glad they let you have. A list of their virtues will sound like an application they did not ask to receive.	Debe conservar un desacuerdo que le alegra que le hayan permitido. Una lista de sus virtudes sonará a una solicitud que no pidieron recibir.
W	tech-question-c2t-city-leaving	techQuestions	How do you write a city you are leaving without settling its account?	¿Cómo se escribe una ciudad que uno deja sin saldarle la cuenta?
W	tech-answer-c2t-city-leaving	techAnswers	I would keep two streets and one unfinished errand. A last word on the city will look like revenge dressed as a postcard.	Conservaría dos calles y un recado sin terminar. Una última palabra sobre la ciudad parecerá una venganza vestida de postal.
W	tech-question-c2t-city-return	techQuestions	What has returning to the city done to the sentences you used to write about it?	¿Qué le ha hecho volver a la ciudad a las frases que solía escribir sobre ella?
W	tech-answer-c2t-city-return	techAnswers	It has made them look a little hired, as if you had borrowed a mood. The new sentences have to earn the pavements again, one shop at a time.	Las ha hecho parecer un poco alquiladas, como si usted hubiera tomado prestado un humor. Las frases nuevas tienen que ganarse otra vez las aceras, tienda por tienda.
W	tech-question-c2t-house-sold	techQuestions	How do you write the sold house so it is not an inventory of ghosts?	¿Cómo se escribe la casa vendida para que no sea un inventario de fantasmas?
W	tech-answer-c2t-house-sold	techAnswers	I would keep the latch that still sticks and the hour the light hits the stair. A tour of absences will make the new owners feel they have bought a museum.	Conservaría el pestillo que aún se traba y la hora en que la luz da en la escalera. Un recorrido de ausencias hará que los nuevos dueños sientan que han comprado un museo.
W	tech-question-c2t-attic-find	techQuestions	What should a note about an attic find refuse to conclude?	¿Qué debe negarse a concluir una nota sobre un hallazgo de desván?
W	tech-answer-c2t-attic-find	techAnswers	It should refuse to conclude who those people were from a single photograph. The box can be opened; the lives cannot be finished by your afternoon.	Debe negarse a concluir quiénes eran esas personas por una sola fotografía. Se puede abrir la caja; no se pueden terminar esas vidas en una tarde.
W	tech-question-c2t-photograph-found	techQuestions	How do you write about a found photograph without inventing the hour it was taken?	¿Cómo se escribe sobre una foto encontrada sin inventar la hora en que se tomó?
W	tech-answer-c2t-photograph-found	techAnswers	I would say what the print still holds and mark the rest as guesswork. A confident story around a stranger's face is a small theft.	Diría lo que el papel aún sostiene y marcaría el resto como conjetura. Una historia segura en torno al rostro de un extraño es un pequeño hurto.
W	tech-question-c2t-recipe-hand	techQuestions	What does a handwritten recipe carry that the same quantities in type cannot?	¿Qué carga una receta manuscrita que no pueden las mismas cantidades a máquina?
W	tech-answer-c2t-recipe-hand	techAnswers	It carries the pressure of a hand that cooked it often enough to stop measuring. Typed exactness can feed you; it will not tell you when the batter looks right.	Carga la presión de una mano que la cocinó lo bastante para dejar de medir. La exactitud mecanografiada puede alimentarle; no le dirá cuándo la masa tiene el aspecto cabal.
W	tech-question-c2t-coat-pocket	techQuestions	What has the note in the coat pocket done that the letter on the desk would not?	¿Qué ha hecho la nota en el bolsillo del abrigo que no haría la carta sobre el escritorio?
W	tech-answer-c2t-coat-pocket	techAnswers	It has arrived without ceremony, in the middle of an ordinary errand. A desk letter can be prepared for; a pocket note is already in the day.	Ha llegado sin ceremonia, en medio de un recado ordinario. Una carta de escritorio admite preparación; una nota de bolsillo ya está dentro del día.
W	tech-question-c2t-after-quarrel	techQuestions	How would you put the first sentence after a quarrel so it does not restart it?	¿Cómo pondría la primera frase después de una pelea para no relanzarla?
W	tech-answer-c2t-after-quarrel	techAnswers	I would name the hour and the kettle, not the score. A recap of who was right is the quarrel coming in by another door.	Nombraría la hora y el hervidor, no el marcador. Un recuento de quién tenía razón es la pelea entrando por otra puerta.
W	tech-question-c2t-almost-said	techQuestions	What has the sentence you almost said done to the one you wrote instead?	¿Qué le ha hecho la frase que casi dijo a la que escribió en su lugar?
W	tech-answer-c2t-almost-said	techAnswers	It has left a heat under the milder line that a careful reader will feel. If you sand that heat away entirely, the page will sound like someone else.	Ha dejado un calor bajo la línea más suave, que un lector atento sentirá. Si lija ese calor del todo, la página sonará a otra persona.
W	tech-question-c2t-doorstep-note	techQuestions	How do you write a note left on a doorstep so it is not an ambush?	¿Cómo se escribe una nota dejada en el umbral para que no sea una celada?
W	tech-answer-c2t-doorstep-note	techAnswers	I would keep it short enough to be read standing, and leave a way to answer later. A doorstep sermon asks them to have a scene in their socks.	La dejaría lo bastante corta para leerse de pie, y dejaría un modo de responder después. Un sermón en el umbral les pide una escena en calcetines.
W	tech-question-c2t-midnight-draft	techQuestions	What should you distrust in a midnight draft that the morning will see at once?	¿Qué hay que recelar en un borrador de medianoche que la mañana verá al instante?
W	tech-answer-c2t-midnight-draft	techAnswers	Distrust the absolute and the flourish that felt like courage. Midnight courage is often only volume, and the morning will hear the neighbours.	Recelese de lo absoluto y del ademán que pareció valor. El valor de medianoche suele ser solo volumen, y la mañana oirá a los vecinos.
W	tech-question-c2t-airport-line	techQuestions	How do you write from an airport without making the farewell a film?	¿Cómo se escribe desde un aeropuerto sin que la despedida sea una película?
W	tech-answer-c2t-airport-line	techAnswers	I would keep the gate number and one ordinary hope for their week. A speech at security will make both of you act for a camera that is not there.	Conservaría el número de puerta y una esperanza ordinaria para su semana. Un discurso en el control les hará actuar a los dos para una cámara que no está.
W	tech-question-c2t-hospital-wait	techQuestions	What belongs in a note from a hospital corridor that a visitor should not have to carry?	¿Qué cabe en una nota de pasillo de hospital que un visitante no debería tener que cargar?
W	tech-answer-c2t-hospital-wait	techAnswers	The hour, the ward, and whether they should come. Your fear can wait for a voice; a corridor note is for logistics dressed in care.	La hora, la planta y si deben venir. Su miedo puede esperar a una voz; una nota de pasillo es logística vestida de cuidado.
W	tech-question-c2t-cafe-napkin	techQuestions	What can a napkin hold that a later, prettier page will sand away?	¿Qué puede sostener una servilleta que una página más tarde, más bonita, lijará?
W	tech-answer-c2t-cafe-napkin	techAnswers	It can hold the sentence before you decide whether you are allowed to mean it. The prettier page will often mean less and dress more.	Puede sostener la frase antes de que decida si le está permitido quererla. La página más bonita a menudo querrá menos y se vestirá más.
W	tech-question-c2t-drawer-draft	techQuestions	Why keep a draft in a drawer instead of sending the heat?	¿Por qué guardar un borrador en un cajón en vez de mandar el calor?
W	tech-answer-c2t-drawer-draft	techAnswers	Because the drawer can hold a truth that would do harm at this hour. Sending it would be honest in the cheap sense, and expensive in the other.	Porque el cajón puede sostener una verdad que haría daño a esta hora. Mandarlo sería honrado en el sentido barato, y caro en el otro.
W	tech-question-c2t-second-thought	techQuestions	What has the second thought done to the letter you almost posted?	¿Qué le ha hecho el segundo pensamiento a la carta que casi echó al correo?
W	tech-answer-c2t-second-thought	techAnswers	It has taken the flourish off and left the ask. The first thought wanted a scene; the second wants an answer.	Le ha quitado el ademán y ha dejado el pedido. El primer pensamiento quería una escena; el segundo quiere una respuesta.
W	tech-question-c2t-cooler-morning	techQuestions	How do you keep what was true at midnight once the morning has cooled it?	¿Cómo se conserva lo que era cierto a medianoche una vez que la mañana lo ha enfriado?
W	tech-answer-c2t-cooler-morning	techAnswers	I would keep the fact and drop the sentence that was only volume. The morning is not a coward for wanting a smaller word.	Conservaría el hecho y soltaría la frase que solo era volumen. La mañana no es cobarde por querer una palabra más chica.
W	tech-question-c2t-what-i-meant	techQuestions	How would you put what you meant after they heard something harsher?	¿Cómo diría lo que quiso decir después de que oyeran algo más duro?
W	tech-answer-c2t-what-i-meant	techAnswers	I would name the harsher hearing first, then offer the intended sense without a scolding. Telling them they are oversensitive will make the first sentence the only one that survives.	Nombraría primero la escucha más dura, y luego ofrecería el sentido querido sin regaño. Decirles que son demasiado sensibles hará que la primera frase sea la única que sobreviva.
W	tech-question-c2t-what-you-heard	techQuestions	What do you do on the page with what they heard, if it was not what you meant?	¿Qué hace en la página con lo que oyeron, si no era lo que usted quiso decir?
W	tech-answer-c2t-what-you-heard	techAnswers	You treat their hearing as a fact of the letter, not as a failure of their character. A page that only restates your intention will sound like a denial of their evening.	Trata su escucha como un hecho de la carta, no como un fallo de su carácter. Una página que solo reitera su intención sonará a una negación de su noche.
W	tech-question-c2t-ps-truth	techQuestions	Why does the true thing keep falling into the postscript?	¿Por qué lo verdadero sigue cayendo en la posdata?
W	tech-answer-c2t-ps-truth	techAnswers	Because the body of the letter is still performing. If you cannot bear to move the postscript up, the performance is the letter you are sending.	Porque el cuerpo de la carta sigue en función. Si no soporta subir la posdata, la función es la carta que está mandando.
W	tech-question-c2t-crossed-line	techQuestions	What does a crossed-out line still do if you leave it visible?	¿Qué sigue haciendo una línea tachada si la deja visible?
W	tech-answer-c2t-crossed-line	techAnswers	It shows the thought you refused and the cost of refusing it. A clean page can be kinder; a scored line is sometimes the truer hospitality.	Muestra el pensamiento que usted rehusó y el coste de rehusarlo. Una página limpia puede ser más amable; una línea rayada es a veces la hospitalidad más cierta.
W	tech-question-c2t-rewrite-softer	techQuestions	How do you soften a letter without emptying it?	¿Cómo se suaviza una carta sin vaciarla?
W	tech-answer-c2t-rewrite-softer	techAnswers	I would keep the fact and change only the verbs that were doing harm for sport. Softness that removes the point is not kindness; it is a fog.	Conservaría el hecho y solo cambiaría los verbos que hacían daño por deporte. Una suavidad que quita el punto no es amabilidad; es una niebla.
W	tech-question-c2t-rewrite-truer	techQuestions	What does a truer rewrite usually cut first?	¿Qué corta primero, por lo común, una reescritura más verdadera?
W	tech-answer-c2t-rewrite-truer	techAnswers	It cuts the sentence that was there to make you look decent. The decent sentence is often the one that hid the ask.	Corta la frase que estaba para hacerle a usted parecer decente. La frase decente suele ser la que escondía el pedido.
W	tech-question-c2t-name-the-hurt	techQuestions	How would you name the hurt so it can be answered?	¿Cómo nombraría el daño para que se pueda contestar?
W	tech-answer-c2t-name-the-hurt	techAnswers	I would name the hour and the sentence, not a lifetime of weather. A lifetime cannot be answered before Tuesday; a sentence can.	Nombraría la hora y la frase, no una vida de tiempo. A una vida no se le puede contestar antes del martes; a una frase sí.
W	tech-question-c2t-spare-the-name	techQuestions	When should a letter spare a third person's name?	¿Cuándo debe una carta ahorrar el nombre de un tercero?
W	tech-answer-c2t-spare-the-name	techAnswers	When the name would turn a private page into a weapon they cannot answer. You can still say what happened; you need not post them as the villain of the piece.	Cuando el nombre convertiría una página privada en un arma a la que no pueden responder. Aún puede decir lo que pasó; no tiene que ponerlos de villanos de la función.
W	tech-question-c2t-we-both-know	techQuestions	What does 'we both know' do to a letter that was trying to be kind?	¿Qué le hace «los dos lo sabemos» a una carta que intentaba ser amable?
W	tech-answer-c2t-we-both-know	techAnswers	It closes the door on their version before they have written it. Kindness that arrives as a fait accompli is a verdict in a soft coat.	Cierra la puerta a su versión antes de que la hayan escrito. Una amabilidad que llega como hecho consumado es un veredicto con abrigo blando.
W	tech-question-c2t-will-not-send	techQuestions	What has deciding not to send the letter already done for you?	¿Qué ha hecho ya por usted la decisión de no mandar la carta?
W	tech-answer-c2t-will-not-send	techAnswers	It has let you hear the speech without making them sit through it. The unsent page can still change the next one you do send.	Le ha dejado oír el discurso sin hacerles sentarse a oírlo. La página no enviada aún puede cambiar la próxima que sí mande.
W	tech-question-c2t-sent-anyway	techQuestions	What do you owe a letter you sent against your second thought?	¿Qué le debe a una carta que mandó contra su segundo pensamiento?
W	tech-answer-c2t-sent-anyway	techAnswers	You owe a second page if the first did harm you can now see. Pride about consistency is a poor reason to leave a bruise on their table.	Le debe una segunda página si la primera hizo un daño que ahora ve. El orgullo de la coherencia es una pobre razón para dejar un moretón en su mesa.
W	tech-question-c2t-too-late-post	techQuestions	How do you write when the news has already reached them by another road?	¿Cómo se escribe cuando la noticia ya les llegó por otro camino?
W	tech-answer-c2t-too-late-post	techAnswers	I would admit the lateness and add only what can still be of use. A full retelling of what they know will ask them to perform surprise for your sake.	Admitiría el retraso y solo añadiría lo que aún pueda servir. Un relato entero de lo que ya saben les pedirá que representen sorpresa por usted.
W	tech-question-c2t-half-forgiven	techQuestions	How would you write from a half-forgiven place without pretending the slate is clean?	¿Cómo escribiría desde un perdón a medias sin fingir que la pizarra está limpia?
W	tech-answer-c2t-half-forgiven	techAnswers	I would keep one true warmth and one unclosed clause. A performance of total pardon will burst the first time they use the old tone.	Conservaría un calor cierto y una cláusula sin cerrar. Una representación de perdón total reventará la primera vez que usen el tono de antes.
W	tech-question-c2t-not-yet	techQuestions	What can 'not yet' do in a letter that 'no' would slam?	¿Qué puede hacer «todavía no» en una carta que «no» daría un portazo?
W	tech-answer-c2t-not-yet	techAnswers	It can keep a future without inventing a date you cannot keep. If you do not mean a future, 'not yet' is a cruelty with a soft landing.	Puede guardar un porvenir sin inventar una fecha que usted no podrá cumplir. Si no quiere un porvenir, «todavía no» es una crueldad con aterrizaje suave.
W	tech-question-c2t-door-ajar	techQuestions	How do you leave a door ajar on the page without making them draft a speech for the opening?	¿Cómo se deja una puerta entreabierta en la página sin que preparen un discurso para la apertura?
W	tech-answer-c2t-door-ajar	techAnswers	I would name the next small possible step, not a reunion. An ajar door with a brass band behind it is already a demand.	Nombraría el próximo paso pequeño posible, no un reencuentro. Una puerta entreabierta con una banda detrás ya es una exigencia.
W	tech-question-c2t-door-shut	techQuestions	What does a cleanly shut door on the page owe the other person?	¿Qué le debe a la otra persona una puerta cerrada con limpieza en la página?
W	tech-answer-c2t-door-shut	techAnswers	It owes them the fact, without a tour of their faults as a souvenir. A shut door that lectures on the way out is still half open for a fight.	Le debe el hecho, sin un recorrido de sus faltas como recuerdo. Una puerta cerrada que da lección al salir sigue medio abierta para una pelea.
W	tech-question-c2t-key-returned	techQuestions	How do you return a key by letter so the gesture is not a scene?	¿Cómo se devuelve una llave por carta para que el gesto no sea una escena?
W	tech-answer-c2t-key-returned	techAnswers	I would say where it is and thank them for the years it opened. A paragraph about trust will make the metal heavier than it needs to be.	Diría dónde está y les daría las gracias por los años que abrió. Un párrafo sobre la confianza hará el metal más pesado de lo que hace falta.
W	tech-question-c2t-light-left	techQuestions	What is the light left on doing in this last paragraph?	¿Qué hace la luz dejada encendida en este último párrafo?
W	tech-answer-c2t-light-left	techAnswers	It is saying someone still thought the house might be used. Turning it into a symbol in the same breath will kill the ordinary kindness of the switch.	Dice que alguien aún pensó que la casa podría usarse. Convertirla en símbolo en el mismo aliento matará la amabilidad ordinaria del interruptor.
W	tech-question-c2t-window-open	techQuestions	How does an open window on the page keep from becoming an emblem?	¿Cómo evita una ventana abierta en la página volverse un emblema?
W	tech-answer-c2t-window-open	techAnswers	It keeps a real draught and a real curtain. The moment you say what the draught 'means', the room has been evicted.	Conserva una corriente de verdad y una cortina de verdad. En cuanto dice usted qué «quiere decir» la corriente, se ha desalojado la habitación.
W	tech-question-c2t-table-for-two	techQuestions	What has setting the table for two done in a letter written alone?	¿Qué ha hecho, en una carta escrita a solas, poner la mesa para dos?
W	tech-answer-c2t-table-for-two	techAnswers	It has admitted the habit before the pride could tidy it away. A lone writer who pretends they have always set for one is already editing the kitchen.	Ha admitido la costumbre antes de que el orgullo la ordenara. Quien escribe solo y finge que siempre puso para uno ya está editando la cocina.
W	tech-question-c2t-chair-left	techQuestions	Why mention the chair they left at an angle?	¿Por qué mencionar la silla que dejaron ladeada?
W	tech-answer-c2t-chair-left	techAnswers	Because the angle is still their sentence in the room. Straightening it on the page would be a lie about how the evening ended.	Porque el ángulo sigue siendo su frase en la habitación. Enderezarla en la página sería una mentira sobre cómo acabó la noche.
W	tech-question-c2t-letter-under-door	techQuestions	What does a letter under the door refuse that a conversation on the stair would force?	¿Qué rehúsa una carta debajo de la puerta que una conversación en la escalera forzaría?
W	tech-answer-c2t-letter-under-door	techAnswers	It refuses the immediate answer, and the face you would have to watch. That can be mercy, or it can be a way of not hearing 'stay'.	Rehúsa la respuesta inmediata y el rostro que habría que mirar. Eso puede ser piedad, o un modo de no oír «quédate».
W	tech-question-c2t-come-back-tone	techQuestions	How do you ask someone to come back without making the page a plea they will dread?	¿Cómo se pide que alguien vuelva sin que la página sea un ruego que temerán?
W	tech-answer-c2t-come-back-tone	techAnswers	I would say what would be different, in one concrete clause, and leave them a clean no. A page of weather and memory will feel like a net.	Diría qué sería distinto, en una cláusula concreta, y les dejaría un no limpio. Una página de tiempo y memoria se sentirá como una red.
W	tech-question-c2t-stay-away-kind	techQuestions	How would you ask them to stay away and still sound like a person, not a lock?	¿Cómo les pediría que se mantengan lejos y sonar aún a persona, no a cerrojo?
W	tech-answer-c2t-stay-away-kind	techAnswers	I would name the space you need and the respect you keep for them. A colder ban will make them write a novel about what they did.	Nombraría el espacio que usted necesita y el respeto que les guarda. Un vedamiento más frío les hará escribir una novela sobre lo que hicieron.
W	tech-question-c2t-still-here	techQuestions	What does writing 'I am still here' do that a longer devotion cannot?	¿Qué hace escribir «sigo aquí» que no puede una devoción más larga?
W	tech-answer-c2t-still-here	techAnswers	It puts a body in the room without a speech. A longer devotion will start explaining why, and the why will sound like a claim.	Pone un cuerpo en la habitación sin discurso. Una devoción más larga empezará a explicar el porqué, y el porqué sonará a una pretensión.
W	tech-question-c2t-already-gone	techQuestions	How do you write from the knowledge that they are already gone?	¿Cómo se escribe desde el saber de que ya se han ido?
W	tech-answer-c2t-already-gone	techAnswers	I would stop asking the page to fetch them and write what remains to be arranged. A letter that still courts the departed will embarrass the living who have to open it.	Dejaría de pedirle a la página que los traiga y escribiría lo que queda por arreglar. Una carta que aún corteja a los idos pondrá en aprieto a los vivos que tengan que abrirla.
W	tech-question-c2t-morning-after	techQuestions	What should a morning-after note refuse to rewrite?	¿Qué debe negarse a reescribir una nota de la mañana siguiente?
W	tech-answer-c2t-morning-after	techAnswers	It should refuse to rewrite the evening into a story that suits the daylight. You can regret a tone without inventing a different night.	Debe negarse a reescribir la noche en un relato que le convenga a la luz del día. Se puede lamentar un tono sin inventar otra noche.
W	tech-question-c2t-winter-letter	techQuestions	How do you let winter into a letter without borrowing a century of frost?	¿Cómo se deja entrar el invierno en una carta sin tomar prestado un siglo de escarcha?
W	tech-answer-c2t-winter-letter	techAnswers	I would keep the particular cold of that street and that year. Inherited winter is a prop; this year's ice on the step is still a fact.	Conservaría el frío particular de esa calle y de ese año. El invierno heredado es un atrezzo; el hielo de este año en el escalón sigue siendo un hecho.
W	tech-question-c2t-summer-guest	techQuestions	What has this letter to a summer guest forgotten to do?	¿Qué ha olvidado hacer esta carta a un huésped de verano?
W	tech-answer-c2t-summer-guest	techAnswers	It has praised the light and forgotten to say whether they are wanted again. A guest can live on light for a weekend; they cannot pack a bag on it next year.	Ha alabado la luz y ha olvidado decir si se les quiere de nuevo. Un huésped puede vivir de luz un fin de semana; no puede hacer la maleta con eso el año que viene.
W	tech-question-c2t-autumn-close	techQuestions	Why does this closing paragraph reach for autumn?	¿Por qué este párrafo de cierre echa mano del otoño?
W	tech-answer-c2t-autumn-close	techAnswers	Because it wants an ending the writer has not earned in human terms. Leaves will fall whether or not the friendship has; that is why they are a temptation.	Porque quiere un final que quien escribe no ha ganado en términos humanos. Las hojas caerán haya caído o no la amistad; por eso tientan.
W	tech-question-c2t-spring-uneasy	techQuestions	How do you write an uneasy spring without the usual forgiveness of green?	¿Cómo se escribe una primavera inquieta sin el perdón habitual del verde?
W	tech-answer-c2t-spring-uneasy	techAnswers	I would keep the cold in the mornings and the unfinished business. Green that arrives as a pardon is a poster; this year's spring may not be in the mood.	Conservaría el frío de las mañanas y los asuntos sin cerrar. Un verde que llega como perdón es un cartel; la primavera de este año puede no estar de humor.
W	tech-question-c2t-voice-on-tape	techQuestions	What does a voice on tape do to a letter you write afterwards?	¿Qué le hace una voz en una cinta a una carta que se escribe después?
W	tech-answer-c2t-voice-on-tape	techAnswers	It makes your adjectives answer to a real mouth. If you write as if they had never spoken, the letter is already a fiction about a quieter person.	Obliga a sus adjetivos a responder a una boca de verdad. Si escribe como si nunca hubieran hablado, la carta ya es una ficción sobre alguien más callado.
W	tech-question-c2t-wrong-envelope	techQuestions	What has putting the letter in the wrong envelope already confessed?	¿Qué ha confesado ya poner la carta en el sobre equivocado?
W	tech-answer-c2t-wrong-envelope	techAnswers	It has confessed that two pages were alive in the house at once. The recovery note should be short; a comedy of errors will not comfort the unintended reader.	Ha confesado que había dos páginas vivas a la vez en la casa. La nota de arreglo debe ser breve; una comedia de errores no consolará al lector involuntario.
W	tech-question-c2t-right-reader	techQuestions	How do you write toward the one right reader without making the page a lock?	¿Cómo se escribe hacia el único lector cabal sin que la página sea un cerrojo?
W	tech-answer-c2t-right-reader	techAnswers	I would keep a door for a stranger and a chair for the one who will know. A letter that only they can enter will die in a drawer if they do not.	Conservaría una puerta para un extraño y una silla para quien sabrá. Una carta en la que solo ellos pueden entrar morirá en un cajón si no entran.
W	tech-question-c2t-one-more-thing	techQuestions	What does 'one more thing' usually smuggle into a finished letter?	¿Qué suele colar de contrabando un «una cosa más» en una carta ya terminada?
W	tech-answer-c2t-one-more-thing	techAnswers	It smuggles the ask you were too proud to put in the body. If it matters, it belongs above the sign-off, in the light.	Cuela el pedido que era demasiado orgulloso para poner en el cuerpo. Si importa, le corresponde ir encima de la firma, a la luz.
W	tech-question-c2t-leave-it-there	techQuestions	How do you leave a hard thing there without decorating it?	¿Cómo se deja ahí una cosa dura sin decorarla?
W	tech-answer-c2t-leave-it-there	techAnswers	I would write the fact, stop, and let the white space do the rest. A metaphor after a death or a leaving is often a flinch dressed as style.	Escribiría el hecho, me detendría y dejaría que el blanco hiciera el resto. Una metáfora después de una muerte o una marcha suele ser un amago vestido de estilo.
W	tech-question-c2t-if-you-ask	techQuestions	What does 'if you ask me' do at the end of a paragraph that already judged?	¿Qué hace «si usted me pregunta» al final de un párrafo que ya juzgó?
W	tech-answer-c2t-if-you-ask	techAnswers	It pretends the judgement was optional after the work has been done. A reader who has been walked to the cliff does not need the offer of a view.	Finge que el juicio era optativo después de hecho el trabajo. A un lector al que se ha llevado al acantilado no hay que ofrecerle la vista.
W	tech-question-c2t-between-us	techQuestions	How do you mean 'between us' once the letter can be forwarded?	¿Cómo se quiere decir «entre nosotros» una vez que la carta se puede reenviar?
W	tech-answer-c2t-between-us	techAnswers	You mean it as a hope, not as a lock, and you write nothing that would shame them in a third mouth. A secret that cannot survive a forward was too heavy for paper.	Se quiere decir como una esperanza, no como un cerrojo, y no se escribe nada que los avergüence en una tercera boca. Un secreto que no sobrevive a un reenvío era demasiado pesado para el papel.
W	tech-question-c2t-not-for-them	techQuestions	What should a letter not written for a third party still refuse to do?	¿Qué debe negarse a hacer aún una carta que no se escribe para un tercero?
W	tech-answer-c2t-not-for-them	techAnswers	It should refuse to caricature them as if they would never read it. Pages have longer lives than moods, and moods are bad archivists.	Debe negarse a caricaturizarlos como si nunca fueran a leerla. Las páginas viven más que los humores, y los humores son malos archiveros.
W	tech-question-c2t-keep-the-date	techQuestions	Why keep the date at the top of a letter that is otherwise intimate?	¿Por qué conservar la fecha arriba de una carta que por lo demás es íntima?
W	tech-answer-c2t-keep-the-date	techAnswers	Because the date will tell a later reader which self wrote it. An undated tenderness becomes a floating weather that nobody can answer.	Porque la fecha dirá a un lector ulterior qué yo la escribió. Una ternura sin fecha se vuelve un tiempo flotante al que nadie puede responder.
W	tech-question-c2t-drop-the-occasion	techQuestions	When should you drop the occasion and write the real letter?	¿Cuándo hay que soltar la ocasión y escribir la carta de verdad?
W	tech-answer-c2t-drop-the-occasion	techAnswers	When the birthday or the thanks is only a coat for something that will not wait. Using the occasion as cover will make the real thing look like bad manners.	Cuando el cumpleaños o las gracias son solo un abrigo para algo que no espera. Usar la ocasión de tapadera hará que lo verdadero parezca una mala educación.
W	tech-question-c2t-photograph-turned	techQuestions	What does turning a photograph face-down do in a diary line?	¿Qué hace, en una línea de diario, volver una foto boca abajo?
W	tech-answer-c2t-photograph-turned	techAnswers	It records a decision the writer is not yet ready to explain. Naming the decision too soon would make the diary a press conference.	Deja constancia de una decisión que quien escribe aún no está listo para explicar. Nombrar la decisión demasiado pronto convertiría el diario en una rueda de prensa.
W	tech-question-c2t-coat-on-hook	techQuestions	How does the coat still on the hook earn its place in the last sentence?	¿Cómo gana el abrigo que sigue en el perchero su sitio en la última frase?
W	tech-answer-c2t-coat-on-hook	techAnswers	It says they meant to come back, or wanted to look as if they did. Explaining which of the two it is would flatten the hook into a clue.	Dice que pensaban volver, o querían parecer que sí. Explicar cuál de las dos cosas es aplastaría el perchero hasta volverlo una pista.
W	tech-question-c2t-light-out	techQuestions	What has putting the light out done to the close of this note?	¿Qué le ha hecho apagar la luz al cierre de esta nota?
W	tech-answer-c2t-light-out	techAnswers	It has ended the day without ending the matter. A last line that switches the house off can still leave the thought running.	Ha terminado el día sin terminar el asunto. Una última línea que apaga la casa aún puede dejar el pensamiento encendido.
W	tech-question-c2t-table-cleared	techQuestions	Why does clearing the table make a better last image than leaving the plates?	¿Por qué recoger la mesa hace una última imagen mejor que dejar los platos?
W	tech-answer-c2t-table-cleared	techAnswers	Because it shows a will to go on living in the room. Plates left as evidence are a scene; a cleared table is a decision.	Porque muestra una voluntad de seguir viviendo en la habitación. Los platos dejados como prueba son una escena; una mesa recogida es una decisión.
W	tech-question-c2t-letter-in-fire	techQuestions	What does burning the letter do that deleting a file cannot?	¿Qué hace quemar la carta que no puede borrar un archivo?
W	tech-answer-c2t-letter-in-fire	techAnswers	It makes the refusal of the words a bodily hour. A delete key is private; a fire is a scene you will have to live with, even alone.	Convierte el rechazo de las palabras en una hora del cuerpo. Una tecla de borrar es privada; un fuego es una escena con la que habrá que vivir, aunque sea uno solo.
W	tech-question-c2t-chair-put-back	techQuestions	How do you put the chair back on the page without tidying the evening away?	¿Cómo se vuelve a poner la silla en la página sin ordenar la noche?
W	tech-answer-c2t-chair-put-back	techAnswers	I would put it back and leave the mark in the rug. Restoration that erases the mark is a lie about how loudly they stood up.	La volvería a poner y dejaría la marca en la alfombra. Una restauración que borra la marca es una mentira sobre lo fuerte que se levantaron.
W	tech-question-c2t-window-latched	techQuestions	What has latching the window done at the end of the diary entry?	¿Qué ha hecho, al final de la entrada de diario, cerrar el pestillo de la ventana?
W	tech-answer-c2t-window-latched	techAnswers	It has chosen sleep over the street. A latch can be fear or care; the entry should not decide for a later reader if the writer did not.	Ha elegido el sueño frente a la calle. Un pestillo puede ser miedo o cuidado; la entrada no debería decidir por un lector ulterior si quien escribió no decidió.
W	tech-question-c2t-key-kept	techQuestions	Why admit in a note that you have kept the key?	¿Por qué admitir en una nota que uno ha guardado la llave?
W	tech-answer-c2t-key-kept	techAnswers	Because the metal is a fact they may need, and silence would turn it into a secret. Keeping it without saying so is a small occupation of their door.	Porque el metal es un hecho que pueden necesitar, y el silencio lo volvería un secreto. Guardarla sin decirlo es una pequeña ocupación de su puerta.
W	tech-question-c2t-envelope-unsealed	techQuestions	What does leaving the envelope unsealed ask of the person who finds it?	¿Qué le pide a quien la encuentra dejar el sobre sin cerrar?
W	tech-answer-c2t-envelope-unsealed	techAnswers	It asks them to choose whether to become a reader. A sealed letter found in a drawer is an order; an open flap is an invitation they can decline.	Le pide que elija si se vuelve lector. Una carta lacrada hallada en un cajón es una orden; una solapa abierta es una invitación que puede declinar.
W	tech-question-c1t-exec-lead	techQuestions	What must an executive summary do that a cut-and-paste of the conclusion cannot?	¿Qué debe hacer un sumario ejecutivo que no puede un recorte de la conclusión?
W	tech-answer-c1t-exec-lead	techAnswers	It must state the decision asked for and the one or two facts that make it urgent, in language a non-specialist can brief onwards. A pasted conclusion still assumes the reader has lived the rest of the paper.	Debe decir la decisión pedida y el o los dos hechos que la hacen urgente, en una lengua que un no especialista pueda informar más adelante. Una conclusión pegada sigue suponiendo que el lector ha vivido el resto del papel.
W	tech-question-c1t-abstract-vs-intro	techQuestions	How does a structured abstract differ from the first page of the introduction?	¿En qué se aparta un resumen estructurado de la primera página de la introducción?
W	tech-answer-c1t-abstract-vs-intro	techAnswers	The abstract reports what was done, found and limited, in a fixed order, without a literature tour. The introduction still has to motivate the question and place it in a conversation.	El resumen informa lo hecho, hallado y limitado, en un orden fijo, sin recorrido de literatura. La introducción aún tiene que motivar la pregunta y colocarla en una conversación.
W	tech-question-c1t-cover-memo	techQuestions	What should a covering memo refuse to repeat from the attached paper?	¿Qué debe negarse a repetir una nota de cubierta del papel adjunto?
W	tech-answer-c1t-cover-memo	techAnswers	It should refuse to rehearse the methods. It should name the ask, the deadline, and the one risk the paper cannot hide in an annex.	Debe negarse a recitar los métodos. Debe nombrar el pedido, el plazo y el único riesgo que el papel no puede esconder en un anejo.
W	tech-question-c1t-minutes-vs-actions	techQuestions	Why must minutes separate narrative from the action log?	¿Por qué el acta debe separar el relato del registro de acciones?
W	tech-answer-c1t-minutes-vs-actions	techAnswers	Narrative records what was said; the action log records who does what by when. Mixing them lets a discussion look like a decision and leaves actions without owners.	El relato consigna lo dicho; el registro consigna quién hace qué para cuándo. Mezclarlos hace que una discusión parezca una decisión y deja acciones sin dueño.
W	tech-question-c1t-terms-ref	techQuestions	What must terms of reference fix before a working group first sits?	¿Qué deben fijar los términos de referencia antes de que se reúna el grupo?
W	tech-answer-c1t-terms-ref	techAnswers	They must fix the question, the products, the deadline, and who may speak for whom. Without that, the first meeting spends itself inventing a mandate.	Deben fijar la pregunta, los productos, el plazo y quién puede hablar por quién. Sin eso, la primera sesión se gasta en inventar un mandato.
W	tech-question-c1t-scope-statement	techQuestions	What does a scope statement have to exclude as well as include?	¿Qué ha de excluir, además de incluir, un enunciado de alcance?
W	tech-answer-c1t-scope-statement	techAnswers	It has to name the neighbouring files that will not be opened in this pass. Inclusion alone invites every stakeholder to smuggle their file in.	Ha de nombrar los expedientes vecinos que no se abrirán en esta pasada. La sola inclusión invita a cada interesado a colar el suyo.
W	tech-question-c1t-methods-caveat	techQuestions	What must a methods caveat do that a limitations paragraph often fails to do?	¿Qué debe hacer una salvedad de método que un párrafo de límites suele fallar?
W	tech-answer-c1t-methods-caveat	techAnswers	It must say how the method could have produced the finding even if the world were otherwise. A limitations paragraph that only lists missing data does not test the finding.	Debe decir cómo el método habría podido producir el hallazgo aunque el mundo fuera otro. Un párrafo de límites que solo lista datos faltantes no pone a prueba el hallazgo.
W	tech-question-c1t-limitations-place	techQuestions	Where should the main limitation sit if you do not want it ignored?	¿Dónde debe habitar el límite principal si no se quiere que se ignore?
W	tech-answer-c1t-limitations-place	techAnswers	It should sit in the same paragraph as the main claim, not only in a late section titled Limitations. Readers who stop after the finding will otherwise take an uncaveated sentence.	Debe habitar en el mismo párrafo que la tesis principal, no solo en una sección tardía titulada Límites. Quien pare después del hallazgo tomará si no una frase sin salvedad.
W	tech-question-c1t-peer-response	techQuestions	How should a revise-and-resubmit letter treat a reviewer who is wrong on a fact?	¿Cómo debe tratar una carta de revisión a un dictaminador que yerra en un hecho?
W	tech-answer-c1t-peer-response	techAnswers	It should correct the fact courteously, with a page reference, and still say what you changed to prevent the same misreading. Scoring the reviewer is not a response.	Debe corregir el hecho con cortesía, con un reenvío de página, y decir aún qué cambió para impedir la misma lectura errónea. Puntuar al dictaminador no es una respuesta.
W	tech-question-c1t-revision-table	techQuestions	What belongs in a point-by-point revision table that a cover letter should not attempt?	¿Qué cabe en una tabla de revisión punto por punto que no debe intentar la carta de cubierta?
W	tech-answer-c1t-revision-table	techAnswers	Each numbered comment, a location in the new text, and a one-line statement of what changed or why it did not. The cover letter only maps the major moves.	Cada comentario numerado, un lugar en el texto nuevo y una línea sobre qué cambió o por qué no. La carta de cubierta solo traza los movimientos mayores.
W	tech-question-c1t-grant-impact	techQuestions	What must an impact pathway say that a list of outputs cannot?	¿Qué debe decir una vía de impacto que no puede una lista de productos?
W	tech-answer-c1t-grant-impact	techAnswers	It must say who will use the finding, by what route, and what would count as use. A list of papers and workshops is a catalogue, not a pathway.	Debe decir quién usará el hallazgo, por qué cauce y qué contaría como uso. Una lista de artículos y talleres es un catálogo, no una vía.
W	tech-question-c1t-policy-brief	techQuestions	How does a policy brief differ from a journal article on the same study?	¿En qué se aparta una nota de política de un artículo sobre el mismo estudio?
W	tech-answer-c1t-policy-brief	techAnswers	The brief leads with the decision and the caveat a minister can say aloud; the article still has to earn the finding in methods. Copying the discussion section into a brief leaves the ask unstated.	La nota abre con la decisión y la salvedad que un ministro puede decir en voz alta; el artículo aún tiene que ganar el hallazgo en los métodos. Copiar la discusión a una nota deja el pedido sin decir.
W	tech-question-c1t-chatham-minutes	techQuestions	How do you minute a Chatham House discussion without identifying speakers?	¿Cómo se acta una discusión Chatham House sin identificar a los oradores?
W	tech-answer-c1t-chatham-minutes	techAnswers	You record the arguments and the decisions, not the names, and you mark the note as unattributable. A quotation that can only have come from one person breaks the rule even without a name.	Se consignan los argumentos y las decisiones, no los nombres, y se marca la nota como no atribuible. Una cita que solo puede venir de una persona quiebra la regla aun sin nombre.
W	tech-question-c1t-embargo-line	techQuestions	What must an embargo line on a draft actually specify?	¿Qué debe precisar una línea de embargo en un borrador?
W	tech-answer-c1t-embargo-line	techAnswers	The clock, the permitted audience, and what happens if the finding leaks. A stamp that only says Embargoed is a wish, not an instruction.	El reloj, el público permitido y qué ocurre si el hallazgo se filtra. Un sello que solo dice Embargado es un deseo, no una instrucción.
W	tech-question-c1t-house-style	techQuestions	Why is a house-style sheet not optional once two authors share a brief?	¿Por qué una hoja de estilo de casa no es potestativa cuando dos autores comparten un encargo?
W	tech-answer-c1t-house-style	techAnswers	Because mixed hyphenation, date formats and spelling make the brief look unowned. The sheet should settle those choices once so the argument can use the energy.	Porque la mezcla de guiones, fechas y grafías hace que el encargo parezca sin dueño. La hoja debe zajar esos choques una vez para que el argumento use la energía.
W	tech-question-c1t-nominalization	techQuestions	When should you unpack a nominalization in a board paper?	¿Cuándo hay que deshacer una nominalización en un papel de consejo?
W	tech-answer-c1t-nominalization	techAnswers	When the noun is hiding who decides or who pays. Keep the noun if the audience already uses it as a term of art and the agent is clear.	Cuando el nombre esconde quién decide o quién paga. Quédese el nombre si el público ya lo usa como término de oficio y el agente es claro.
W	tech-question-c1t-topic-sentence	techQuestions	What work should the first sentence of a results paragraph do?	¿Qué oficio debe hacer la primera frase de un párrafo de resultados?
W	tech-answer-c1t-topic-sentence	techAnswers	It should state the finding of that paragraph, not announce that results are now presented. A promise of results is a heading, not a sentence.	Debe enunciar el hallazgo de ese párrafo, no anunciar que ahora se presentan resultados. Una promesa de resultados es un título, no una frase.
W	tech-question-c1t-signposting	techQuestions	When does signposting become noise in a twenty-page paper?	¿Cuándo el balizamiento se vuelve ruido en un papel de veinte páginas?
W	tech-answer-c1t-signposting	techAnswers	When every paragraph opens with In this section I will and the reader still cannot find the claim. Keep a map at the start of each major part and let the paragraphs work.	Cuando cada párrafo abre con En esta sección voy a y el lector sigue sin hallar la tesis. Deje un mapa al inicio de cada parte mayor y deje trabajar a los párrafos.
W	tech-question-c1t-appendix-annex	techQuestions	When is an annex the wrong place for a number the recommendation hangs on?	¿Cuándo es un anejo el lugar equivocado para una cifra de la que pende la recomendación?
W	tech-answer-c1t-appendix-annex	techAnswers	When the recommendation is unintelligible without that number. Put the number upstairs and leave the working to the annex.	Cuando la recomendación es ininteligible sin esa cifra. Ponga la cifra arriba y deje el trabajo al anejo.
W	tech-question-c1t-footnote-discipline	techQuestions	What should a footnote refuse to do in a professional paper?	¿Qué debe negarse a hacer una nota al pie en un papel profesional?
W	tech-answer-c1t-footnote-discipline	techAnswers	It should refuse to hide a reservation that changes the claim. Reservations that bite belong in the body; footnotes hold sources and asides.	Debe negarse a esconder una reserva que cambia la tesis. Las reservas que muerden van al cuerpo; las notas guardan fuentes y apartes.
W	tech-question-c1t-secondary-cite	techQuestions	When may you cite a source you have not opened?	¿Cuándo cabe citar una fuente que no se ha abierto?
W	tech-answer-c1t-secondary-cite	techAnswers	Almost never in a paper you will sign; if a secondary report is all you have, say so and cite the report. Pretending you read the original is a professional fault.	Casi nunca en un papel que se firmará; si un informe secundario es todo lo que hay, dígase y cítese ese informe. Fingir que se leyó el original es una falta profesional.
W	tech-question-c1t-paraphrase-quote	techQuestions	When is a quotation safer than a paraphrase in a contested file?	¿Cuándo es más segura una cita que una paráfrasis en un expediente impugnado?
W	tech-answer-c1t-paraphrase-quote	techAnswers	When the exact words are the issue, or when a paraphrase would be accused of spin. Otherwise a tight paraphrase with a page mark is cleaner.	Cuando las palabras exactas son el asunto, o cuando se acusaría a la paráfrasis de sesgo. Si no, una paráfrasis prieta con marca de página es más limpia.
W	tech-question-c1t-structural-plagiarism	techQuestions	What is structural plagiarism in a literature review?	¿Qué es el plagio de estructura en una revisión de literatura?
W	tech-answer-c1t-structural-plagiarism	techAnswers	It is taking another review's sequence of moves and swapping the adjectives. You still have to rebuild the conversation from the primary papers.	Es tomar la secuencia de movimientos de otra revisión y trocar los adjetivos. Aún hay que reconstruir la conversación a partir de los artículos primeros.
W	tech-question-c1t-cois-line	techQuestions	What must a conflict-of-interest line do besides name a funder?	¿Qué debe hacer una línea de conflictos de interés además de nombrar a un financiador?
W	tech-answer-c1t-cois-line	techAnswers	It must say what the funder could not see or change before publication. A logo in the acknowledgements is not that sentence.	Debe decir qué no pudo ver ni cambiar el financiador antes de la publicación. Un logotipo en los agradecimientos no es esa frase.
W	tech-question-c1t-corresponding	techQuestions	What duties sit with the corresponding author that co-authors may not see?	¿Qué deberes recaen en el autor de correspondencia que los coautores pueden no ver?
W	tech-answer-c1t-corresponding	techAnswers	The correspondence, the data-availability replies, and the integrity of the files after acceptance. Those duties should be named before the byline is locked.	La correspondencia, las respuestas sobre disponibilidad de datos y la integridad de los archivos tras la aceptación. Esos deberes deben nombrarse antes de cerrar la firma.
W	tech-question-c1t-preprint-caveat	techQuestions	What must a preprint notice tell a journalist who finds it?	¿Qué debe decir un aviso de preprint a un periodista que lo encuentre?
W	tech-answer-c1t-preprint-caveat	techAnswers	That it is not peer-reviewed and that the version of record may change. A pretty PDF without that line will be quoted as a paper.	Que no está revisado por pares y que la versión de registro puede cambiar. Un PDF bonito sin esa línea se citará como un artículo.
W	tech-question-c1t-data-avail	techQuestions	What makes a data-availability statement usable rather than decorative?	¿Qué hace usable, y no decorativa, una declaración de disponibilidad de datos?
W	tech-answer-c1t-data-avail	techAnswers	A location, an access condition, and a contact who still exists. Available on request, with no name, is a closed door.	Un lugar, una condición de acceso y un contacto que aún existe. Disponible a petición, sin nombre, es una puerta cerrada.
W	tech-question-c1t-ethics-line	techQuestions	What must an ethics-approval sentence name?	¿Qué debe nombrar una frase de aprobación ética?
W	tech-answer-c1t-ethics-line	techAnswers	The committee, the reference number, and the date. A vague we followed ethical guidelines cannot be checked.	El comité, el número de referencia y la fecha. Un vago seguimos las pautas éticas no se puede cotejar.
W	tech-question-c1t-informed-consent-w	techQuestions	How do you write an informed-consent line that is not a slogan?	¿Cómo se escribe una línea de consentimiento informado que no sea un lema?
W	tech-answer-c1t-informed-consent-w	techAnswers	Say what was explained, in what form, and that withdrawal was possible without penalty. Participants consented is a rubber stamp.	Diga qué se explicó, en qué forma y que la retirada era posible sin pena. Los participantes consintieron es un sello.
W	tech-question-c1t-plain-summary	techQuestions	What must a plain-language summary refuse to do?	¿Qué debe negarse a hacer un resumen en lengua clara?
W	tech-answer-c1t-plain-summary	techAnswers	It must refuse to smuggle a stronger claim than the paper defends. Short is not a licence to drop the caveat.	Debe negarse a colar una tesis más fuerte que la que el papel defiende. Breve no es licencia para soltar la salvedad.
W	tech-question-c1t-press-embargo	techQuestions	What belongs in a press notice under embargo that the paper itself may leave implicit?	¿Qué cabe en un aviso de prensa bajo embargo que el papel puede dejar implícito?
W	tech-answer-c1t-press-embargo	techAnswers	The clock, the contact, and a sentence a non-specialist can say without overclaiming. The paper can stay technical; the notice cannot.	El reloj, el contacto y una frase que un no especialista pueda decir sin pasarse. El papel puede seguir técnico; el aviso no.
W	tech-question-c1t-stakeholder-brief	techQuestions	How do you brief two stakeholder groups without writing two truths?	¿Cómo se informa a dos grupos de interesados sin escribir dos verdades?
W	tech-answer-c1t-stakeholder-brief	techAnswers	You keep one finding and vary the implication and the next step. Two findings for two audiences will collide in the first joint meeting.	Se guarda un hallazgo y se varían la implicación y el próximo paso. Dos hallazgos para dos públicos chocarán en la primera reunión conjunta.
W	tech-question-c1t-options-appraisal	techQuestions	What must each option in an appraisal carry besides a name?	¿Qué debe cargar cada opción de una tasación además de un nombre?
W	tech-answer-c1t-options-appraisal	techAnswers	A cost, a risk, and a consequence of not choosing it. A list of labels is a menu, not an appraisal.	Un coste, un riesgo y una consecuencia de no elegirla. Una lista de etiquetas es un menú, no una tasación.
W	tech-question-c1t-rec-vs-finding	techQuestions	Why must a recommendation be written as a separate sentence from the finding?	¿Por qué una recomendación debe escribirse en frase aparte del hallazgo?
W	tech-answer-c1t-rec-vs-finding	techAnswers	Because a finding can be true and the action still contestable. Fusing them lets a disputed action hide behind an agreed fact.	Porque un hallazgo puede ser verdadero y la acción seguir impugnada. Fundirlos deja que una acción disputada se esconda tras un hecho admitido.
W	tech-question-c1t-rag-status	techQuestions	What must a red-amber-green line state besides the colour?	¿Qué debe decir una línea rojo-ámbar-verde además del color?
W	tech-answer-c1t-rag-status	techAnswers	The criterion that produced the colour and the date of the next look. A colour without a criterion is decoration.	El criterio que produjo el color y la fecha de la próxima mirada. Un color sin criterio es decoración.
W	tech-question-c1t-lessons-note	techQuestions	What makes a lessons-learned note more than a diary?	¿Qué hace de una nota de lecciones más que un diario?
W	tech-answer-c1t-lessons-note	techAnswers	It names what will change in the next design, with an owner. A diary of regrets will be filed and forgotten.	Nombra qué cambiará en el próximo diseño, con un dueño. Un diario de pesares se archivará y se olvidará.
W	tech-question-c1t-handover-note	techQuestions	What must a handover note put on the first page?	¿Qué debe poner una nota de traspaso en la primera página?
W	tech-answer-c1t-handover-note	techAnswers	Live risks, open decisions, and the passwords to the files that are not in the shared drive. A history of the project can wait for page two.	Riesgos vivos, decisiones abiertas y las claves de los archivos que no están en el disco compartido. La historia del proyecto puede esperar a la página dos.
W	tech-question-c1t-board-paper	techQuestions	What should a board paper's first paragraph contain?	¿Qué debe contener el primer párrafo de un papel de consejo?
W	tech-answer-c1t-board-paper	techAnswers	The decision asked for, the money or risk attached, and whether this is for noting or for approval. The history can follow once the board knows why it is reading.	La decisión pedida, el dinero o el riesgo anejo, y si es para enterarse o para aprobar. La historia puede seguir cuando el consejo sepa por qué lee.
W	tech-question-c1t-one-pager	techQuestions	What must a one-pager sacrifice, and what must it not?	¿Qué debe sacrificar un folio único, y qué no?
W	tech-answer-c1t-one-pager	techAnswers	It must sacrifice the literature tour and the annex tables. It must not sacrifice the caveat that travels with the headline number.	Debe sacrificar el recorrido de literatura y las tablas del anejo. No debe sacrificar la salvedad que viaja con la cifra del titular.
W	tech-question-c1t-slide-as-paper	techQuestions	Why is a slide deck a poor substitute for a paper when a decision will be minuted?	¿Por qué una baraja de diapositivas es mal sustituto de un papel cuando se actará una decisión?
W	tech-answer-c1t-slide-as-paper	techAnswers	Because slides hide verbs and caveats in speaker notes that will not be filed. The minute will then record a claim nobody can later find in writing.	Porque las diapositivas esconden verbos y salvedades en notas del orador que no se archivarán. El acta consignará entonces una tesis que nadie podrá hallar luego por escrito.
W	tech-question-c1t-email-should-paper	techQuestions	When should an email be stopped and rewritten as a short paper?	¿Cuándo hay que parar un correo y reescribirlo como un papel breve?
W	tech-answer-c1t-email-should-paper	techAnswers	When it asks for a decision that will be quoted later, or when the thread has already grown three contradictory asks. A paper gives a single object to approve or refuse.	Cuando pide una decisión que se citará después, o cuando el hilo ya tiene tres pedidos contradictorios. Un papel da un solo objeto para aprobar o rechazar.
W	tech-question-c1t-reply-all	techQuestions	What test should you apply before reply-all on a correction?	¿Qué prueba aplicar antes de responder a todos en una corrección?
W	tech-answer-c1t-reply-all	techAnswers	Ask whether every name on the thread needs the correction, or only the person who can fix it. A public correction of a junior colleague is often a spectacle, not a fix.	Pregúntese si cada nombre del hilo necesita la corrección, o solo quien puede hacerla. Una corrección pública de un colega junior suele ser espectáculo, no arreglo.
W	tech-question-c1t-cc-bcc	techQuestions	When is bcc a professional fault in a working thread?	¿Cuándo el cco es una falta profesional en un hilo de trabajo?
W	tech-answer-c1t-cc-bcc	techAnswers	When it hides a listener from people who are about to speak freely. Use bcc for a blind FYI after the fact, not for a silent witness to a negotiation.	Cuando esconde a un oyente de quienes van a hablar con libertad. Úsese el cco para un para su información ciego a toro pasado, no para un testigo silencioso de una negociación.
W	tech-question-c1t-subject-line	techQuestions	Why is the subject line a filing tool, not a greeting?	¿Por qué el asunto es una herramienta de archivo, no un saludo?
W	tech-answer-c1t-subject-line	techAnswers	Because later search will use those words, not the first sentence. Put the file name, the date, and the ask in the subject before you write Dear.	Porque la búsqueda posterior usará esas palabras, no la primera frase. Ponga el nombre del expediente, la fecha y el pedido en el asunto antes de escribir Estimada.
W	tech-question-c1t-calendar-commit	techQuestions	When does a calendar invitation become a commitment you must minute?	¿Cuándo una invitación de calendario se vuelve un compromiso que hay que actar?
W	tech-answer-c1t-calendar-commit	techAnswers	When accepting it is treated as agreeing the paper attached. Say in the invite whether acceptance is attendance only.	Cuando aceptarla se trata como acordar el papel adjunto. Diga en la invitación si la aceptación es solo la asistencia.
W	tech-question-c1t-cover-letter-cv	techQuestions	What should a covering letter refuse to repeat from the CV?	¿Qué debe negarse a repetir una carta de presentación del CV?
W	tech-answer-c1t-cover-letter-cv	techAnswers	The list of posts. It should interpret two or three of them against the person specification and leave the rest downstairs.	La lista de puestos. Debe interpretar dos o tres frente al perfil y dejar el resto abajo.
W	tech-question-c1t-reference-limit	techQuestions	What should a reference letter refuse to invent?	¿Qué debe negarse a inventar una carta de referencia?
W	tech-answer-c1t-reference-limit	techAnswers	A competence the writer has not seen. A honest limit is more useful than a glowing adjective with no scene.	Una competencia que quien escribe no ha visto. Un límite honesto es más útil que un adjetivo radiante sin escena.
W	tech-question-c1t-job-spec-must	techQuestions	How do you write a must in a job specification so that it can be scored?	¿Cómo se escribe un imprescindible en un perfil para que se pueda puntuar?
W	tech-answer-c1t-job-spec-must	techAnswers	Make it observable and essential to the post, not a wish about personality. If you cannot say what evidence would show it, it is not a must.	Hágalo observable y esencial al puesto, no un deseo de personalidad. Si no puede decir qué prueba lo mostraría, no es un imprescindible.
W	tech-question-c1t-person-spec	techQuestions	Why must essential and desirable criteria be listed separately?	¿Por qué los criterios esenciales y deseables deben listarse aparte?
W	tech-answer-c1t-person-spec	techAnswers	Because a candidate who fails an essential criterion is out, however strong the desirables. Mixing them invites a panel to invent a weighting in the room.	Porque quien falle un esencial queda fuera, por fuertes que sean los deseables. Mezclarlos invita al tribunal a inventar una ponderación en la sala.
W	tech-question-c1t-bid-matrix	techQuestions	What is a compliance matrix for in a bid, besides a checklist?	¿Para qué sirve una matriz de cumplimiento en una oferta, además de una lista?
W	tech-answer-c1t-bid-matrix	techAnswers	It maps each requirement to a page so an evaluator does not have to hunt. A narrative that hopes they will find the answer is how marks are lost.	Ata cada requisito a una página para que el evaluador no tenga que cazar. Un relato que espera que halle la respuesta es cómo se pierden puntos.
W	tech-question-c1t-tender-clarify	techQuestions	When should a clarification question in a tender be asked, and how?	¿Cuándo hacer una pregunta de aclaración en una licitación, y cómo?
W	tech-answer-c1t-tender-clarify	techAnswers	Early enough that the answer can be published to all bidders, and in writing through the portal. A telephone hint is a risk to you and to the process.	Lo bastante pronto para que la respuesta pueda publicarse a todos los licitadores, y por escrito por el portal. Una pista telefónica es un riesgo para usted y para el trámite.
W	tech-question-c1t-rfp-structure	techQuestions	How should an RFP response be structured if the buyer used a question list?	¿Cómo estructurar una respuesta a una RFP si el comprador usó una lista de preguntas?
W	tech-answer-c1t-rfp-structure	techAnswers	Answer in the buyer's order, with the question number in the heading. A prettier structure of your own will be scored as missing answers.	Conteste en el orden del comprador, con el número de pregunta en el título. Una estructura más bonita suya se puntuaría como respuestas faltantes.
W	tech-question-c1t-inception-report	techQuestions	What must an inception report lock that the proposal left open?	¿Qué debe cerrar un informe de inicio que la propuesta dejaba abierto?
W	tech-answer-c1t-inception-report	techAnswers	The method as it will actually be run, the access that has been granted, and the risks that appeared after award. A reprint of the proposal is not an inception.	El método tal como se correrá de verdad, el acceso concedido y los riesgos que aparecieron tras la adjudicación. Una reimpresión de la propuesta no es un inicio.
W	tech-question-c1t-progress-report	techQuestions	What should a progress report put above the activity list?	¿Qué debe poner un informe de progreso encima de la lista de actividades?
W	tech-answer-c1t-progress-report	techAnswers	Variance against the plan, with a cause and a recovery or a request to re-scope. A list of busy weeks is not progress.	La desviación frente al plan, con una causa y una recuperación o un pedido de redefinir el alcance. Una lista de semanas ocupadas no es progreso.
W	tech-question-c1t-exception-report	techQuestions	When is an exception report due, and what must it ask for?	¿Cuándo procede un informe de excepción, y qué debe pedir?
W	tech-answer-c1t-exception-report	techAnswers	It is due when a tolerance is breached, not when it is convenient. It must ask for a decision: accept, recover, or stop.	Procede cuando se rebasa una tolerancia, no cuando conviene. Debe pedir una decisión: aceptar, recuperar o parar.
W	tech-question-c1t-close-out	techQuestions	What must a close-out report record that a celebration slide will omit?	¿Qué debe consignar un informe de cierre que omitirá una diapositiva de celebración?
W	tech-answer-c1t-close-out	techAnswers	What was not delivered, what remains as residual risk, and where the files now live. Celebration slides only record what went well.	Lo no entregado, lo que queda como riesgo residual y dónde viven ahora los archivos. Las diapositivas de celebración solo consignan lo que salió bien.
W	tech-question-c1t-risk-register-w	techQuestions	What must each row of a risk register contain besides a label?	¿Qué debe contener cada fila de un registro de riesgos además de una etiqueta?
W	tech-answer-c1t-risk-register-w	techAnswers	A cause, an effect, an owner, and a next action with a date. A list of anxious nouns is a worry sheet, not a register.	Una causa, un efecto, un dueño y una próxima acción con fecha. Una lista de nombres inquietos es una hoja de preocupaciones, no un registro.
W	tech-question-c1t-assumption-log	techQuestions	Why log assumptions instead of treating them as facts in the plan?	¿Por qué registrar las hipótesis en vez de tratarlas como hechos del plan?
W	tech-answer-c1t-assumption-log	techAnswers	Because an assumption that later fails needs an owner who notices. A fact in the plan will not be re-tested.	Porque una hipótesis que luego falle necesita un dueño que se dé cuenta. Un hecho en el plan no se volverá a probar.
W	tech-question-c1t-decision-log	techQuestions	What belongs in a decision log that minutes often bury?	¿Qué cabe en un registro de decisiones que el acta suele enterrar?
W	tech-answer-c1t-decision-log	techAnswers	The decision, the date, the alternatives rejected, and the review trigger. Minutes bury that in a narrative that cannot be searched.	La decisión, la fecha, las alternativas rechazadas y el disparador de revisión. El acta lo entierra en un relato que no se puede buscar.
W	tech-question-c1t-change-request	techQuestions	What must a change request quantify before it is a request?	¿Qué debe cuantificar una petición de cambio antes de ser una petición?
W	tech-answer-c1t-change-request	techAnswers	The effect on time, cost and scope, and the effect of refusing it. A description of a nicer feature is a wish.	El efecto en plazo, coste y alcance, y el efecto de rechazarla. La descripción de una función más bonita es un deseo.
W	tech-question-c1t-sow	techQuestions	What must a statement of work make testable?	¿Qué debe hacer comprobable un enunciado de trabajo?
W	tech-answer-c1t-sow	techAnswers	The deliverable, the acceptance test, and who signs. Activity language without a test will be argued at the invoice.	El entregable, la prueba de aceptación y quién firma. Un lenguaje de actividad sin prueba se discutirá en la factura.
W	tech-question-c1t-acceptance	techQuestions	How do you write acceptance criteria that cannot be gamed by a demo?	¿Cómo escribir criterios de aceptación que una demo no pueda eludir?
W	tech-answer-c1t-acceptance	techAnswers	Write the conditions a user or a data set must meet, not the slides that will be shown. A demo can hide an empty path.	Escriba las condiciones que un usuario o un conjunto de datos debe cumplir, no las diapositivas que se mostrarán. Una demo puede esconder un camino vacío.
W	tech-question-c1t-definition-done	techQuestions	What does a definition of done add that a task title cannot?	¿Qué añade una definición de hecho que no puede el título de una tarea?
W	tech-answer-c1t-definition-done	techAnswers	The checks that must be true before the task may leave the board. A title only names an intention.	Los cotejos que deben ser verdaderos antes de que la tarea salga del tablero. Un título solo nombra una intención.
W	tech-question-c1t-briefing-pack	techQuestions	What should a briefing pack put on one page that the annexes may expand?	¿Qué debe poner un paquete de briefing en una página que los anejos pueden ampliar?
W	tech-answer-c1t-briefing-pack	techAnswers	The ask, the three facts, and the question you want the principal to put. Annexes can hold the tables; the one page must be speakable.	El pedido, los tres hechos y la pregunta que quiere que el responsable haga. Los anejos pueden guardar las tablas; la página única debe poder decirse.
W	tech-question-c1t-speaking-note	techQuestions	How does a speaking note differ from the paper it rests on?	¿En qué se aparta una nota de intervención del papel en que se apoya?
W	tech-answer-c1t-speaking-note	techAnswers	It is written to be said in two minutes, with a pause for the ask. The paper can be read; the note must survive a noisy room.	Está escrita para decirse en dos minutos, con una pausa para el pedido. El papel puede leerse; la nota debe sobrevivir a una sala ruidosa.
W	tech-question-c1t-qa-pack	techQuestions	What belongs in a Q-and-A pack that the speech should not attempt?	¿Qué cabe en un paquete de preguntas y respuestas que el discurso no debe intentar?
W	tech-answer-c1t-qa-pack	techAnswers	The hostile questions and the one-sentence answers that stay inside the evidence. The speech should not try to pre-empt every attack.	Las preguntas hostiles y las respuestas de una frase que se quedan dentro de la prueba. El discurso no debe intentar adelantarse a cada ataque.
W	tech-question-c1t-lines-to-take	techQuestions	What makes a line-to-take usable under pressure?	¿Qué hace usable una línea a sostener bajo presión?
W	tech-answer-c1t-lines-to-take	techAnswers	It is short, true, and does not invite a follow-up you cannot answer. A paragraph of context will not be remembered at the door.	Es corta, verdadera y no invita a un seguimiento que no pueda contestar. Un párrafo de contexto no se recordará en la puerta.
W	tech-question-c1t-holding-statement	techQuestions	When is a holding statement the right public text?	¿Cuándo es un comunicado de espera el texto público cabal?
W	tech-answer-c1t-holding-statement	techAnswers	When a fact is still moving and silence would be read as concealment. The statement should say what is known, what is not, and when the next update comes.	Cuando un hecho aún se mueve y el silencio se leería como ocultación. El texto debe decir lo conocido, lo que no lo es y cuándo llega la próxima actualización.
W	tech-question-c1t-correction-notice	techQuestions	How do you write a correction without amplifying the error?	¿Cómo se escribe una corrección sin amplificar el error?
W	tech-answer-c1t-correction-notice	techAnswers	Name the error, state the correct fact, and say where the original text sat. Do not repeat the vivid wrong version in the headline.	Nombre el error, enuncie el hecho correcto y diga dónde habitaba el texto original. No repita la versión falsa y viva en el titular.
W	tech-question-c1t-erratum	techQuestions	What must an erratum do that an apology email cannot?	¿Qué debe hacer un erratum que no puede un correo de disculpas?
W	tech-answer-c1t-erratum	techAnswers	It must travel with the version of record and say what in the finding changes. An email to friends leaves the public text untouched.	Debe viajar con la versión de registro y decir qué cambia en el hallazgo. Un correo a los amigos deja el texto público intacto.
W	tech-question-c1t-corrigendum	techQuestions	When is a corrigendum the right instrument rather than a retraction?	¿Cuándo es un corrigendum el instrumento cabal y no una retractación?
W	tech-answer-c1t-corrigendum	techAnswers	When an error is local and the finding still stands once it is fixed. A retraction is for a finding that cannot be trusted.	Cuando un error es local y el hallazgo se sostiene una vez corregido. La retractación es para un hallazgo en el que ya no cabe fiarse.
W	tech-question-c1t-retraction-note	techQuestions	What must a retraction notice say if it is not to look like a vanishing?	¿Qué debe decir un aviso de retractación para no parecer una desaparición?
W	tech-answer-c1t-retraction-note	techAnswers	It must say what was wrong, whether misconduct was found, and that the record remains with a mark. Deleting the PDF is not a retraction.	Debe decir qué estaba mal, si se halló una falta y que el registro permanece con una marca. Borrar el PDF no es una retractación.
W	tech-question-c1t-author-contrib	techQuestions	Why list author contributions in a CRediT-style sentence?	¿Por qué listar las contribuciones de autor en una frase al estilo CRediT?
W	tech-answer-c1t-author-contrib	techAnswers	Because a byline cannot show who did the analysis and who only commented. The list also makes gift authorship harder to hide.	Porque una firma no puede mostrar quién hizo el análisis y quién solo comentó. La lista también dificulta esconder una autoría de regalo.
W	tech-question-c1t-acknowledgements	techQuestions	What should acknowledgements refuse to do?	¿Qué deben negarse a hacer los agradecimientos?
W	tech-answer-c1t-acknowledgements	techAnswers	They should refuse to thank someone who should have been an author, or to hide a funder. Thanks are for help that was not authorship.	Deben negarse a agradecer a quien debió ser autor, o a esconder a un financiador. Los agradecimientos son por una ayuda que no fue autoría.
W	tech-question-c1t-funding-statement	techQuestions	What must a funding statement name besides the grant number?	¿Qué debe nombrar una declaración de financiación además del número de la ayuda?
W	tech-answer-c1t-funding-statement	techAnswers	The role of the funder in design, analysis and the decision to publish. A number alone leaves that role unsaid.	El papel del financiador en el diseño, el análisis y la decisión de publicar. Un número solo deja ese papel sin decir.
W	tech-question-c1t-embargoed-findings	techQuestions	How do you mark findings that may not be briefed outside a named group?	¿Cómo marcar hallazgos que no pueden informarse fuera de un grupo nombrado?
W	tech-answer-c1t-embargoed-findings	techAnswers	Put the group, the clock and the reason on the first page, not only in a footer. A footer will be cropped in a screenshot.	Ponga el grupo, el reloj y la razón en la primera página, no solo en el pie. Un pie se recortará en una captura.
W	tech-question-c1t-working-paper	techQuestions	What status line should a working paper carry?	¿Qué línea de estado debe llevar un documento de trabajo?
W	tech-answer-c1t-working-paper	techAnswers	Working paper: comments welcome, not for citation without permission, and a date. Without that, a blog will cite it as settled.	Documento de trabajo: se admiten comentarios, no citar sin permiso, y una fecha. Sin eso, un blog lo citará como zanjado.
W	tech-question-c1t-discussion-paper	techQuestions	How does a discussion paper differ from a position paper?	¿En qué se aparta un documento de discusión de uno de posición?
W	tech-answer-c1t-discussion-paper	techAnswers	It offers options and invites reply; a position paper already picks one. Calling a decided text a discussion paper is a way of dodging ownership.	Ofrece opciones e invita a responder; uno de posición ya elige. Llamar discusión a un texto decidido es un modo de eludir la autoría.
W	tech-question-c1t-consultation-resp	techQuestions	What should a consultation response open with?	¿Con qué debe abrir una respuesta a una consulta?
W	tech-answer-c1t-consultation-resp	techAnswers	The question you are answering and whether you speak for an organisation or yourself. A history of your organisation belongs after the answers.	Con la pregunta que contesta y si habla por una organización o por sí. La historia de su organización va después de las respuestas.
W	tech-question-c1t-call-evidence	techQuestions	How do you write a call for evidence that does not invite a dump?	¿Cómo escribir una convocatoria de pruebas que no invite a un volcado?
W	tech-answer-c1t-call-evidence	techAnswers	Ask numbered questions with a word limit and a closing date. An open please send anything will bury the useful letters.	Haga preguntas numeradas con un tope de palabras y una fecha de cierre. Un abierto envíen cualquier cosa enterrará las cartas útiles.
W	tech-question-c1t-evidence-summary	techQuestions	What must an evidence summary say about the studies it leaves out?	¿Qué debe decir un resumen de pruebas sobre los estudios que deja fuera?
W	tech-answer-c1t-evidence-summary	techAnswers	The inclusion rule and the reason the leftovers failed it. A summary that only shows the friendly papers is a brief, not a summary.	La regla de inclusión y la razón por la que los demás no la cumplieron. Un resumen que solo muestra los papeles amistosos es un alegato, no un resumen.
W	tech-question-c1t-rapid-review	techQuestions	What must a rapid evidence review confess in the methods?	¿Qué debe confesar una revisión rápida de pruebas en los métodos?
W	tech-answer-c1t-rapid-review	techAnswers	Which corners were cut, and how that could bias the picture. Calling it rapid is not itself a method.	Qué rincones se cortaron y cómo eso podría sesgar el cuadro. Llamarla rápida no es de por sí un método.
W	tech-question-c1t-sys-review-prot	techQuestions	Why register a systematic-review protocol before the search?	¿Por qué registrar un protocolo de revisión sistemática antes de la búsqueda?
W	tech-answer-c1t-sys-review-prot	techAnswers	So that inclusion rules are not rewritten to fit a pleasing set of papers. A protocol after the search is a diary of what you did.	Para que las reglas de inclusión no se reescriban para encajar un conjunto agradable. Un protocolo después de la búsqueda es un diario de lo que hizo.
W	tech-question-c1t-search-strategy	techQuestions	What must a search-strategy paragraph name so that it can be rerun?	¿Qué debe nombrar un párrafo de estrategia de búsqueda para poder relanzarla?
W	tech-answer-c1t-search-strategy	techAnswers	The databases, the dates, the strings, and who ran them. We searched the literature is not a strategy.	Las bases, las fechas, las cadenas y quién las lanzó. Buscamos en la literatura no es una estrategia.
W	tech-question-c1t-inclusion-rule	techQuestions	How do you write an inclusion rule that two screeners can apply alike?	¿Cómo escribir una regla de inclusión que dos cribadores puedan aplicar igual?
W	tech-answer-c1t-inclusion-rule	techAnswers	Use observable attributes of the paper, not a feel for quality. Quality can be scored later; inclusion has to be a gate.	Úsense atributos observables del papel, no un tino de calidad. La calidad puede puntuarse después; la inclusión tiene que ser una puerta.
W	tech-question-c1t-grey-lit	techQuestions	When should grey literature be included, and how do you say so?	¿Cuándo incluir literatura gris, y cómo decirlo?
W	tech-answer-c1t-grey-lit	techAnswers	When the question is about practice or policy that journals lag. Say the sources and the quality check you applied; do not pretend they were trials.	Cuando la pregunta es sobre una práctica o una política que las revistas retrasan. Diga las fuentes y el cotejo de calidad; no finja que eran ensayos.
W	tech-question-c1t-pub-bias	techQuestions	How do you caveat a synthesis if publication bias is likely?	¿Cómo poner salvedad a una síntesis si es probable el sesgo de publicación?
W	tech-answer-c1t-pub-bias	techAnswers	Say that published effects may be the smiling ones, and report any search of registries. A forest plot without that sentence overclaims.	Diga que los efectos publicados pueden ser los que sonríen, e informe cualquier búsqueda en registros. Un forest plot sin esa frase se pasa.
W	tech-question-c1t-effect-size	techQuestions	How do you write an effect size so a non-statistician can use it?	¿Cómo escribir un tamaño del efecto para que lo use quien no es estadístico?
W	tech-answer-c1t-effect-size	techAnswers	Give the unit, the comparison, and a plain sentence about size. A Greek letter and a star are not a sentence.	Dé la unidad, la comparación y una frase llana sobre el tamaño. Una letra griega y una estrella no son una frase.
W	tech-question-c1t-interval-plain	techQuestions	How should a confidence interval be written in a results sentence?	¿Cómo escribir un intervalo de confianza en una frase de resultados?
W	tech-answer-c1t-interval-plain	techAnswers	As a range the estimate is compatible with, not as a ritual after a p-value. If the range crosses a decision threshold, say so in the same sentence.	Como un rango con el que el estimado es compatible, no como un rito tras un valor p. Si el rango cruza un umbral de decisión, dígalo en la misma frase.
W	tech-question-c1t-p-hacking	techQuestions	What sentence should you add if the analysis was not pre-specified?	¿Qué frase añadir si el análisis no estaba preespecificado?
W	tech-answer-c1t-p-hacking	techAnswers	State that the cut was exploratory and that other cuts were tried. Hiding the looks is what turns a p-value into a decoration.	Diga que el corte fue exploratorio y que se probaron otros. Esconder las miradas es lo que convierte un valor p en decoración.
W	tech-question-c1t-prereg	techQuestions	What does a pre-registration number let a reader check?	¿Qué deja cotejar un número de preregistro?
W	tech-answer-c1t-prereg	techAnswers	Whether the primary outcome in the paper is the one you promised. Without that check, a pleasing outcome can be promoted after the fact.	Si el desenlace principal del papel es el que prometió. Sin ese cotejo, un desenlace agradable puede promocionarse a toro pasado.
W	tech-question-c1t-registered-report	techQuestions	Why does a registered-report format change how you write the introduction?	¿Por qué el formato de informe registrado cambia cómo se escribe la introducción?
W	tech-answer-c1t-registered-report	techAnswers	Because the introduction is judged before the results exist, so it cannot lean on a finding. It has to earn the question on its own.	Porque la introducción se juzga antes de que existan los resultados, así que no puede apoyarse en un hallazgo. Tiene que ganarse la pregunta por sí sola.
W	tech-question-c1t-replication	techQuestions	How do you write a replication caveat without killing the original claim?	¿Cómo escribir una salvedad de replicación sin matar la tesis original?
W	tech-answer-c1t-replication	techAnswers	Say what would count as a failed replication and what would not. A shrug that science is hard is not a caveat.	Diga qué contaría como una replicación fallida y qué no. Un encogimiento de hombros sobre lo difícil que es la ciencia no es una salvedad.
W	tech-question-c1t-generalisability	techQuestions	What must a generalisability sentence name?	¿Qué debe nombrar una frase de generalizabilidad?
W	tech-answer-c1t-generalisability	techAnswers	The population, the site, and the feature that may not travel. This may not generalise, with no noun, is empty.	La población, el sitio y el rasgo que puede no viajar. Esto puede no generalizarse, sin nombre, está vacío.
W	tech-question-c1t-external-val	techQuestions	How do you distinguish external validity from a wish to be useful?	¿Cómo distinguir la validez externa de un deseo de ser útil?
W	tech-answer-c1t-external-val	techAnswers	External validity is a claim about other settings that needs an argument. Usefulness is a hope about readers; do not write the hope as a validity claim.	La validez externa es una tesis sobre otros marcos que pide un argumento. La utilidad es una esperanza sobre los lectores; no escriba la esperanza como tesis de validez.
W	tech-question-c1t-construct-val	techQuestions	What should a construct-validity paragraph confess?	¿Qué debe confesar un párrafo de validez de constructo?
W	tech-answer-c1t-construct-val	techAnswers	That the measure is a stand-in, and which part of the construct it misses. Calling a questionnaire the construct is the usual fault.	Que la medida es un sustituto, y qué parte del constructo se pierde. Llamar al cuestionario el constructo es la falta habitual.
W	tech-question-c1t-operationalise	techQuestions	How do you operationalise a vague outcome for a report?	¿Cómo operacionalizar un desenlace vago para un informe?
W	tech-answer-c1t-operationalise	techAnswers	You name the observable, the instrument, and the window. Improving wellbeing is not operational until those three sit on the page.	Nombre lo observable, el instrumento y la ventana. Mejorar el bienestar no es operacional hasta que esos tres habitan la página.
W	tech-question-c1t-codebook	techQuestions	What must a codebook record that a data file's header cannot?	¿Qué debe consignar un libro de códigos que no puede la cabecera de un archivo?
W	tech-answer-c1t-codebook	techAnswers	The meaning of codes, the missing-value rules, and who changed a variable when. A header only shows the current names.	El sentido de los códigos, las reglas de valores faltantes y quién cambió una variable cuándo. Una cabecera solo muestra los nombres actuales.
W	tech-question-c1t-interview-sched	techQuestions	What should an interview schedule fix, and what should it leave open?	¿Qué debe fijar una pauta de entrevista, y qué dejar abierto?
W	tech-answer-c1t-interview-sched	techAnswers	It should fix the topics that must be covered for comparison. It should leave room for a follow-up that the schedule could not have known.	Debe fijar los temas que hay que cubrir para comparar. Debe dejar sitio a un seguimiento que la pauta no habría podido conocer.
W	tech-question-c1t-topic-guide	techQuestions	How does a topic guide differ from a questionnaire in a report's methods?	¿En qué se aparta una guía temática de un cuestionario en los métodos de un informe?
W	tech-answer-c1t-topic-guide	techAnswers	A topic guide is a map for a conversation; a questionnaire is a fixed instrument. Do not write as if you administered items when you held a conversation.	Una guía temática es un mapa para una conversación; un cuestionario es un instrumento fijo. No escriba como si administrara ítems cuando sostuvo una conversación.
W	tech-question-c1t-member-check	techQuestions	How do you report member-checking without overclaiming assent?	¿Cómo informar una comprobación con participantes sin pasarse de asentimiento?
W	tech-answer-c1t-member-check	techAnswers	Say who saw what, and that seeing is not the same as agreeing the analysis. Participants confirmed the findings is usually too strong.	Diga quién vio qué, y que ver no es lo mismo que acordar el análisis. Los participantes confirmaron los hallazgos suele ser demasiado fuerte.
W	tech-question-c1t-reflexivity	techQuestions	What belongs in a reflexivity note that a biography does not?	¿Qué cabe en una nota de reflexividad que no cabe en una biografía?
W	tech-answer-c1t-reflexivity	techAnswers	How your position could have shaped the questions and the reading. A CV paragraph is not reflexivity.	Cómo su posición pudo moldear las preguntas y la lectura. Un párrafo de CV no es reflexividad.
W	tech-question-c1t-positionality	techQuestions	How do you write a positionality statement that earns its keep?	¿Cómo escribir una declaración de posicionalidad que se gane el puesto?
W	tech-answer-c1t-positionality	techAnswers	Name the relation to the site and the claim that relation might tilt. A list of identities without a tilt is a badge, not a statement.	Nombre la relación con el sitio y la tesis que esa relación podría inclinar. Una lista de identidades sin inclinación es una insignia, no una declaración.
W	tech-question-c1t-triangulation	techQuestions	When is triangulation a method, and when is it a slogan?	¿Cuándo la triangulación es un método, y cuándo un lema?
W	tech-answer-c1t-triangulation	techAnswers	It is a method when you say which sources could have disagreed and what you would have done. It is a slogan when you only list the sources.	Es un método cuando dice qué fuentes habrían podido discrepar y qué habría hecho. Es un lema cuando solo lista las fuentes.
W	tech-question-c1t-thick-desc	techQuestions	What must a thick description include that a colourful quotation lacks?	¿Qué debe incluir una descripción densa que no tiene una cita colorida?
W	tech-answer-c1t-thick-desc	techAnswers	The context that makes the quotation intelligible and the reason it is typical or not. Colour without context is entertainment.	El contexto que hace inteligible la cita y la razón por la que es típica o no. El color sin contexto es entretenimiento.
W	tech-question-c1t-transferability	techQuestions	How do you write for transferability without claiming generalisation?	¿Cómo escribir para la transferibilidad sin pretender generalización?
W	tech-answer-c1t-transferability	techAnswers	Give the particulars a reader would need to judge a likeness to their site. Do not write as if the likeness were already shown.	Dé los pormenores que un lector necesitaría para juzgar un parecido con su sitio. No escriba como si el parecido ya estuviera mostrado.
W	tech-question-c1t-audit-trail	techQuestions	What should an audit trail let a second analyst do?	¿Qué debe permitir un rastro de auditoría a un segundo analista?
W	tech-answer-c1t-audit-trail	techAnswers	Reconstruct how a code became a theme and where a discarded reading went. A folder of transcripts without that map is not a trail.	Reconstruir cómo un código se volvió un tema y adónde fue una lectura descartada. Una carpeta de transcripciones sin ese mapa no es un rastro.
W	tech-question-c1t-saturation	techQuestions	How do you claim saturation without a slogan?	¿Cómo afirmar saturación sin lema?
W	tech-answer-c1t-saturation	techAnswers	Say what new interviews stopped adding, and after how many. Saturation was reached, with no noun, cannot be checked.	Diga qué dejaron de añadir las entrevistas nuevas, y después de cuántas. Se alcanzó la saturación, sin nombre, no se puede cotejar.
W	tech-question-c1t-theo-sample	techQuestions	What must a theoretical-sampling note record?	¿Qué debe consignar una nota de muestreo teórico?
W	tech-answer-c1t-theo-sample	techAnswers	Why the next case was chosen given the emerging analysis. Convenience dressed as theory is still convenience.	Por qué se eligió el caso siguiente dada el análisis emergente. La comodidad vestida de teoría sigue siendo comodidad.
W	tech-question-c1t-gt-memo	techQuestions	What belongs in a grounded-theory memo that a transcript note does not?	¿Qué cabe en un memo de teoría fundamentada que no cabe en una nota de transcripción?
W	tech-answer-c1t-gt-memo	techAnswers	A move from incident to concept, and a question for the next case. A transcript note only flags a line.	Un paso del incidente al concepto, y una pregunta para el caso siguiente. Una nota de transcripción solo señala una línea.
W	tech-question-c1t-lit-gap	techQuestions	How do you write a literature-gap sentence that is not a boast?	¿Cómo escribir una frase de laguna que no sea jactancia?
W	tech-answer-c1t-lit-gap	techAnswers	Name the conversation and the missing test, with citations. Few have studied X, with no names, is a boast.	Nombre la conversación y la prueba que falta, con citas. Pocos han estudiado X, sin nombres, es jactancia.
W	tech-question-c1t-contribution	techQuestions	What must a contribution claim be smaller than?	¿De qué debe ser más pequeña una tesis de contribución?
W	tech-answer-c1t-contribution	techAnswers	Smaller than the whole field, and checkable against the results. This paper contributes to the literature is an empty bow.	Más pequeña que todo el campo, y comprobable en los resultados. Este papel contribuye a la literatura es una reverencia vacía.
W	tech-question-c1t-so-what	techQuestions	Where should the so-what paragraph sit, and what must it not do?	¿Dónde debe habitar el párrafo y entonces, y qué no debe hacer?
W	tech-answer-c1t-so-what	techAnswers	It should sit after the finding, and it must not invent a policy the data cannot carry. A sermon in the last paragraph is still a sermon.	Debe habitar después del hallazgo, y no debe inventar una política que los datos no puedan cargar. Un sermón en el último párrafo sigue siendo un sermón.
W	tech-question-c1t-implications-practice	techQuestions	How do you write implications for practice that a practitioner can test?	¿Cómo escribir implicaciones para la práctica que un profesional pueda probar?
W	tech-answer-c1t-implications-practice	techAnswers	Name the setting, the action, and what would count as it having worked. Practitioners should consider X is not a testable implication.	Nombre el marco, la acción y qué contaría como que funcionó. Los profesionales deberían considerar X no es una implicación comprobable.
W	tech-question-c1t-implications-policy	techQuestions	What must a policy-implication sentence refuse?	¿Qué debe negarse a hacer una frase de implicación política?
W	tech-answer-c1t-implications-policy	techAnswers	It must refuse to leap from a local finding to a national rule. It can recommend a trial, a review, or a local change.	Debe negarse a saltar de un hallazgo local a una regla nacional. Puede recomendar un ensayo, una revisión o un cambio local.
W	tech-question-c1t-further-research	techQuestions	How do you write further research without a laundry list?	¿Cómo escribir la investigación ulterior sin una lista de lavandería?
W	tech-answer-c1t-further-research	techAnswers	Name the one or two tests that would actually move the claim. A list of everything anyone might do is a shrug.	Nombre la o las dos pruebas que de verdad moverían la tesis. Una lista de todo lo que cualquiera podría hacer es un encogimiento de hombros.
W	tech-question-c1t-conclude-norepeat	techQuestions	What should a conclusion do instead of repeating the abstract?	¿Qué debe hacer una conclusión en vez de repetir el resumen?
W	tech-answer-c1t-conclude-norepeat	techAnswers	It should close the so-what and the limit in one movement. Repeating the abstract tells the reader you had nothing left.	Debe cerrar el y entonces y el límite en un solo movimiento. Repetir el resumen le dice al lector que no quedaba nada.
W	tech-question-c1t-title-claim	techQuestions	When is a title overclaiming?	¿Cuándo un título se pasa de afirmación?
W	tech-answer-c1t-title-claim	techAnswers	When it states a generality the paper only showed in one window. A title can be vivid if the subtitle carries the limit.	Cuando enuncia una generalidad que el papel solo mostró en una ventana. Un título puede ser vivo si el subtítulo carga el límite.
W	tech-question-c1t-running-head	techQuestions	What should a running head preserve when the full title is long?	¿Qué debe preservar un encabezado cuando el título entero es largo?
W	tech-answer-c1t-running-head	techAnswers	The object of the study, not only a catchy fragment. A fragment that could belong to any paper fails in a contents list.	El objeto del estudio, no solo un fragmento pegadizo. Un fragmento que podría ser de cualquier papel falla en un índice.
W	tech-question-c1t-keywords	techQuestions	How do you choose keywords that are not vanity?	¿Cómo elegir palabras clave que no sean vanidad?
W	tech-answer-c1t-keywords	techAnswers	Use the terms a searcher in the field would type, including the method. Keywords that only repeat the title waste the field.	Úsense los términos que teclearía un buscador del campo, incluido el método. Las palabras que solo repiten el título malgastan el campo.
W	tech-question-c1t-structured-abs	techQuestions	What order should a structured abstract keep even if the journal is flexible?	¿Qué orden debe guardar un resumen estructurado aunque la revista sea flexible?
W	tech-answer-c1t-structured-abs	techAnswers	Background, methods, results, limitations, conclusion, if those headings exist. Results before methods invite a story that the methods cannot support.	Antecedentes, métodos, resultados, límites, conclusión, si existen esos epígrafes. Resultados antes de métodos invitan a un relato que los métodos no pueden sostener.
W	tech-question-c1t-unstructured-abs	techQuestions	How do you write an unstructured abstract without losing the limit?	¿Cómo escribir un resumen no estructurado sin perder el límite?
W	tech-answer-c1t-unstructured-abs	techAnswers	Put the limit in the last sentence, not only in the paper. An unstructured abstract that ends on a trumpet will be quoted without the paper.	Ponga el límite en la última frase, no solo en el papel. Un resumen no estructurado que acaba en fanfarria se citará sin el papel.
W	tech-question-c1t-graphical-abs	techQuestions	What must a graphical abstract not do?	¿Qué no debe hacer un resumen gráfico?
W	tech-answer-c1t-graphical-abs	techAnswers	It must not drop the comparison group or the uncertainty to look cleaner. A pretty arrow is still a claim.	No debe soltar el grupo de comparación ni la incertidumbre para verse más limpio. Una flecha bonita sigue siendo una tesis.
W	tech-question-c1t-highlights	techQuestions	How do you write journal highlights that a hostile reader cannot lift?	¿Cómo escribir destacados de revista que un lector hostil no pueda levantar?
W	tech-answer-c1t-highlights	techAnswers	Each bullet is a complete, caveated sentence. Fragments invite a lift that drops the verb's hedge.	Cada viñeta es una frase completa y con salvedad. Los fragmentos invitan a un levantamiento que suelta la cautela del verbo.
W	tech-question-c1t-editor-letter	techQuestions	What should a cover letter to an editor not attempt?	¿Qué no debe intentar una carta al editor?
W	tech-answer-c1t-editor-letter	techAnswers	It should not restate the abstract or flatter the journal. It should say why this journal's conversation is the right one and what is new.	No debe reiterar el resumen ni adular la revista. Debe decir por qué la conversación de esa revista es la cabal y qué hay de nuevo.
W	tech-question-c1t-suggest-reviewers	techQuestions	How do you suggest reviewers without looking like a cartel?	¿Cómo sugerir dictaminadores sin parecer un cártel?
W	tech-answer-c1t-suggest-reviewers	techAnswers	Name competence and declare any relationship, including none. Suggesting only friends is visible and will be discounted.	Nombre la competencia y declare cualquier relación, incluida ninguna. Sugerir solo amigos se ve y se descontará.
W	tech-question-c1t-exclude-reviewers	techQuestions	When may you ask that a named person not review?	¿Cuándo cabe pedir que una persona nombrada no dictamine?
W	tech-answer-c1t-exclude-reviewers	techAnswers	When there is a documented conflict, stated in one sentence. A dislike or a rival's toughness is not a reason the editor can use.	Cuando hay un conflicto documentado, dicho en una frase. Una antipatía o la dureza de un rival no es un motivo que la redacción pueda usar.
W	tech-question-c1t-tracked-note	techQuestions	What should a tracked-changes cover note tell the reader first?	¿Qué debe decir primero una nota de cambios controlados?
W	tech-answer-c1t-tracked-note	techAnswers	Whether to open the clean copy or the marked one, and which comments are still live. A dump of both files without that sentence wastes a review slot.	Si hay que abrir la copia limpia o la marcada, y qué comentarios siguen vivos. Un volcado de ambos archivos sin esa frase malgasta una franja de revisión.
W	tech-question-c1t-clean-copy	techQuestions	Why send a clean copy as well as a marked one?	¿Por qué enviar una copia limpia además de la marcada?
W	tech-answer-c1t-clean-copy	techAnswers	Because a marked copy is unreadable as a whole argument. The clean copy is what will be judged; the marked one is the map of the labour.	Porque una copia marcada es ilegible como argumento de conjunto. La limpia es lo que se juzgará; la marcada es el mapa del trabajo.
W	tech-question-c1t-suppl-file	techQuestions	What must a supplementary-file note say so that the file is used?	¿Qué debe decir una nota de archivo suplementario para que se use?
W	tech-answer-c1t-suppl-file	techAnswers	What it contains, how it is named, and which claim in the paper it supports. A zip called extra is a grave.	Qué contiene, cómo se nombra y qué tesis del papel sostiene. Un zip llamado extra es una tumba.
W	tech-question-c1t-code-avail	techQuestions	What makes a code-availability line checkable?	¿Qué hace comprobable una línea de disponibilidad del código?
W	tech-answer-c1t-code-avail	techAnswers	A repository, a commit or tag, and a licence. Available from the author is a closed door once the author moves.	Un repositorio, un commit o una etiqueta, y una licencia. Disponible ante el autor es una puerta cerrada cuando el autor se muda.
W	tech-question-c1t-prereg-dev	techQuestions	How do you report a deviation from a pre-registered plan?	¿Cómo informar una desviación de un plan preregistrado?
W	tech-answer-c1t-prereg-dev	techAnswers	Name the planned analysis, the change, and whether it was made before seeing the outcome. A silent swap is what pre-registration was meant to stop.	Nombre el análisis previsto, el cambio y si se hizo antes de ver el resultado. Un trueque callado es lo que el preregistro debía impedir.
W	tech-question-c1t-ethics-exempt	techQuestions	How do you write an ethics-exemption sentence that can be checked?	¿Cómo escribir una frase de exención ética que se pueda cotejar?
W	tech-answer-c1t-ethics-exempt	techAnswers	Name the body that granted the exemption and the rule it applied. We judged it exempt, with no body, is self-certification.	Nombre el órgano que concedió la exención y la regla que aplicó. Lo juzgamos exento, sin órgano, es una autocertificación.
W	tech-question-c1t-salami	techQuestions	Why is salami-slicing a drafting fault as well as an ethics one?	¿Por qué el loncheado es una falta de redacción además de ética?
W	tech-answer-c1t-salami	techAnswers	Because each thin paper hides the full design from a reader of any one slice. A methods paper plus one results paper is usually cleaner.	Porque cada papel flaco esconde el diseño entero a quien lee una sola loncha. Un papel de métodos más uno de resultados suele ser más limpio.
W	tech-question-c1t-self-plagiarism	techQuestions	How do you reuse your own methods text without self-plagiarism?	¿Cómo reutilizar su propio texto de métodos sin autoplagio?
W	tech-answer-c1t-self-plagiarism	techAnswers	Cite the earlier paper and say what is identical. Copying a methods block as if it were new is recycling, not efficiency.	Cite el artículo anterior y diga qué es idéntico. Copiar un bloque de métodos como si fuera nuevo es reciclaje, no eficacia.
W	tech-question-c1t-text-recycle	techQuestions	When is text recycling acceptable in a report series?	¿Cuándo es aceptable el reciclaje de texto en una serie de informes?
W	tech-answer-c1t-text-recycle	techAnswers	When the shared methods are cited and a reader can see the new work. Recycling a discussion as if it were a new argument is not acceptable.	Cuando los métodos compartidos están citados y un lector ve el trabajo nuevo. Reciclar una discusión como si fuera un argumento nuevo no es aceptable.
W	tech-question-c1t-image-integrity	techQuestions	What must a figure legend confess if an image was processed?	¿Qué debe confesar una leyenda de figura si se procesó una imagen?
W	tech-answer-c1t-image-integrity	techAnswers	The software, the adjustments, and that they were applied to the whole image. Cropping a lane or a cell without saying so is a professional fault.	El programa, los ajustes y que se aplicaron a la imagen entera. Recortar un carril o una célula sin decirlo es una falta profesional.
W	tech-question-c1t-authorship-dispute	techQuestions	How do you draft an authorship note when a contributor is contested?	¿Cómo redactar una nota de autoría cuando un contribuyente está impugnado?
W	tech-answer-c1t-authorship-dispute	techAnswers	Record who did what against the journal's criteria, in writing, before submission. A hallway promise is how disputes start after acceptance.	Consignar por escrito quién hizo qué según los criterios de la revista, antes del envío. Una promesa de pasillo es cómo nacen los pleitos después de la aceptación.
W	tech-question-c1t-ghost-author	techQuestions	Why must a ghost-written draft still name the writer in the record?	¿Por qué un borrador escrito en la sombra debe nombrar aún al redactor en el registro?
W	tech-answer-c1t-ghost-author	techAnswers	Because a reader has a right to know who chose the verbs. Hiding a medical writer or a consultant is a conflict as well as a byline lie.	Porque un lector tiene derecho a saber quién eligió los verbos. Esconder a un redactor médico o a un consultor es un conflicto además de una mentira de firma.
W	tech-question-c1t-gift-author	techQuestions	How do you refuse gift authorship in a covering note to co-authors?	¿Cómo rechazar una autoría de regalo en una nota a los coautores?
W	tech-answer-c1t-gift-author	techAnswers	State the journal's criteria and ask each person to claim a CRediT role they can defend. A courtesy name that fails those criteria should come off before submission.	Enuncie los criterios de la revista y pida a cada cual que reivindique un papel CRediT que pueda defender. Un nombre de cortesía que falle esos criterios debe salir antes del envío.
W	tech-question-c1t-preprint-version	techQuestions	How do you label versions so a preprint and a journal PDF do not collide?	¿Cómo etiquetar versiones para que un preprint y un PDF de revista no choquen?
W	tech-answer-c1t-preprint-version	techAnswers	Give each a date and a status: preprint, accepted manuscript, or version of record. The same title without a status will be cited as if they were one text.	Dé a cada una una fecha y un estado: preprint, manuscrito aceptado o versión de registro. El mismo título sin estado se citará como si fueran un solo texto.
W	tech-question-c1t-vor-line	techQuestions	What should a version-of-record notice tell a reader who found the accepted manuscript?	¿Qué debe decir un aviso de versión de registro a quien halló el manuscrito aceptado?
W	tech-answer-c1t-vor-line	techAnswers	That pagination, copy-editing and any correction live only in the version of record. Citing the accepted file for a page number will fail.	Que la paginación, la corrección de estilo y cualquier enmienda viven solo en la versión de registro. Citar el archivo aceptado para un número de página fallará.
W	tech-question-c1t-green-oa	techQuestions	What must a green-open-access note specify?	¿Qué debe precisar una nota de acceso abierto verde?
W	tech-answer-c1t-green-oa	techAnswers	The embargo, the version that may be posted, and the repository. Posted when allowed is not an instruction a librarian can follow.	El embargo, la versión que cabe depositar y el repositorio. Depositado cuando se permita no es una instrucción que un bibliotecario pueda seguir.
W	tech-question-c1t-hybrid-oa	techQuestions	How do you write a hybrid-OA acknowledgement without sounding like an advert?	¿Cómo escribir un agradecimiento de acceso híbrido sin sonar a anuncio?
W	tech-answer-c1t-hybrid-oa	techAnswers	Name the funder mandate and the licence. A sentence that only thanks the publisher for visibility is marketing.	Nombre el mandato del financiador y la licencia. Una frase que solo agradece al editor la visibilidad es mercadotecnia.
W	tech-question-c1t-apc-ack	techQuestions	What belongs in an APC acknowledgement?	¿Qué cabe en un agradecimiento de APC?
W	tech-answer-c1t-apc-ack	techAnswers	Who paid, from which grant, and that the funder did not write the paper. A silent invoice leaves a reader guessing at independence.	Quién pagó, de qué ayuda y que el financiador no escribió el papel. Una factura callada deja al lector adivinando la independencia.
W	tech-question-c1t-funder-mandate	techQuestions	How do you record a funder open-access mandate in the paper?	¿Cómo consignar en el papel un mandato de acceso abierto de un financiador?
W	tech-answer-c1t-funder-mandate	techAnswers	Cite the policy and the licence it required. We comply with funder rules, with no name, cannot be audited.	Cite la política y la licencia que exigió. Cumplimos las reglas del financiador, sin nombre, no se puede auditar.
W	tech-question-c1t-rights-retain	techQuestions	What does a rights-retention statement need to say to work?	¿Qué debe decir una declaración de retención de derechos para operar?
W	tech-answer-c1t-rights-retain	techAnswers	That a CC licence is applied to the accepted manuscript on the date of acceptance. A vague we retain rights, with no licence, will be ignored by a repository.	Que una licencia CC se aplica al manuscrito aceptado en la fecha de aceptación. Un vago retenemos los derechos, sin licencia, lo ignorará un repositorio.
W	tech-question-c1t-licence-publish	techQuestions	What should you check in a licence-to-publish before you sign?	¿Qué cotejar en una licencia de publicación antes de firmar?
W	tech-answer-c1t-licence-publish	techAnswers	Whether you keep the right to share the accepted manuscript and to reuse figures. Signing unread is how a later repository deposit is blocked.	Si conserva el derecho a compartir el manuscrito aceptado y a reutilizar las figuras. Firmar sin leer es cómo se bloquea un depósito ulterior.
W	tech-question-c1t-third-party-fig	techQuestions	How do you use a third-party figure without a permission hole?	¿Cómo usar una figura de terceros sin un hueco de permiso?
W	tech-answer-c1t-third-party-fig	techAnswers	Obtain written permission, cite the source, and say what the licence allows. A screenshot from a slide deck is not permission.	Obtenga permiso escrito, cite la fuente y diga qué permite la licencia. Una captura de una baraja no es un permiso.
W	tech-question-c1t-sic-quote	techQuestions	When do you mark sic in a quotation, and when is it a sneer?	¿Cuándo marcar sic en una cita, y cuándo es una burla?
W	tech-answer-c1t-sic-quote	techAnswers	Mark it when the error is in the source and matters to the point. Marking every informal spelling is a sneer and should be dropped.	Márquelo cuando el error está en la fuente e importa al punto. Marcar cada grafía informal es una burla y debe caer.
W	tech-question-c1t-ellipsis-quote	techQuestions	What must an ellipsis in a quotation not hide?	¿Qué no debe esconder una elipsis en una cita?
W	tech-answer-c1t-ellipsis-quote	techAnswers	A clause that reverses the sense. An honest cut is marked and still leaves the claim intact.	Una cláusula que invierte el sentido. Un corte honesto está marcado y deja aún la tesis intacta.
W	tech-question-c1t-square-edit	techQuestions	When are square brackets legitimate in a quoted sentence?	¿Cuándo son legítimos los corchetes en una frase citada?
W	tech-answer-c1t-square-edit	techAnswers	To expand a pronoun or to mark an obvious slip that would confuse. They are not a licence to improve the author's argument.	Para expandir un pronombre o marcar un desliz obvio que confundiría. No son licencia para mejorar el argumento del autor.
W	tech-question-c1t-emphasis-added	techQuestions	How do you mark emphasis you added to a quotation?	¿Cómo marcar un énfasis que usted añadió a una cita?
W	tech-answer-c1t-emphasis-added	techAnswers	Say emphasis added after the citation, and do not italicise a word the source did not stress if the stress changes the claim. Silent italics are a form of spin.	Diga énfasis añadido después de la cita, y no curse una palabra que la fuente no subrayó si el subrayado cambia la tesis. Las cursivas calladas son una forma de sesgo.
W	tech-question-c1t-my-translation	techQuestions	What must a my-translation note sit next to?	¿Junto a qué debe habitar una nota mi traducción?
W	tech-answer-c1t-my-translation	techAnswers	The original phrase if a reading could turn on a word. A translation without that check is a claim you cannot audit.	Junto a la vuelta original si una lectura puede girar sobre una palabra. Una traducción sin ese cotejo es una tesis que no se puede auditar.
W	tech-question-c1t-glossary-front	techQuestions	When does a glossary belong at the front of a report?	¿Cuándo cabe un glosario al frente de un informe?
W	tech-answer-c1t-glossary-front	techAnswers	When the audience is mixed and three or more terms will be used as terms of art. A glossary at the back will not be found in time.	Cuando el público es mixto y tres o más términos se usarán como términos de oficio. Un glosario al final no se hallará a tiempo.
W	tech-question-c1t-abbrev-list	techQuestions	What should a list of abbreviations refuse to include?	¿Qué debe negarse a incluir una lista de abreviaturas?
W	tech-answer-c1t-abbrev-list	techAnswers	Everyday shortenings the audience already owns, and a term used only once. A bloated list is a sign the paper never chose a register.	Los acortes cotidianos que el público ya posee, y un término usado solo una vez. Una lista hinchada señala que el papel nunca eligió un registro.
W	tech-question-c1t-exec-vs-tech	techQuestions	How do you write an executive layer and a technical layer without two truths?	¿Cómo escribir una capa ejecutiva y una técnica sin dos verdades?
W	tech-answer-c1t-exec-vs-tech	techAnswers	Keep one finding and two levels of detail. If the executive line cannot survive the technical annex, rewrite the executive line.	Guarde un hallazgo y dos niveles de detalle. Si la línea ejecutiva no sobrevive al anejo técnico, reescriba la línea ejecutiva.
W	tech-question-c1t-audience-shift	techQuestions	What must you change when the same finding moves from a seminar to a board?	¿Qué debe cambiar cuando el mismo hallazgo pasa de un seminario a un consejo?
W	tech-answer-c1t-audience-shift	techAnswers	The ask and the first sentence, not the finding. A board paper that still opens with a literature gap will not be finished.	El pedido y la primera frase, no el hallazgo. Un papel de consejo que aún abre con una laguna de literatura no se terminará.
W	tech-question-c1t-register-slide	techQuestions	How do you slide register down without sliding the claim?	¿Cómo bajar el registro sin bajar la tesis?
W	tech-answer-c1t-register-slide	techAnswers	Swap the jargon for a plain noun and keep the hedge on the verb. Dropping the hedge to sound confident is a new claim.	Trueque la jerga por un nombre llano y conserve la cautela en el verbo. Soltar la cautela para sonar seguro es una tesis nueva.
W	tech-question-c1t-hedging-verbs	techQuestions	Which verbs should a results section prefer when the design is observational?	¿Qué verbos debe preferir una sección de resultados si el diseño es observacional?
W	tech-answer-c1t-hedging-verbs	techAnswers	Associated with, consistent with, or compatible with, unless a design actually identifies an effect. Demonstrates and proves are almost always too strong.	Asociado con, compatible con o coherente con, salvo que un diseño identifique de verdad un efecto. Demuestra y prueba son casi siempre demasiado fuertes.
W	tech-question-c1t-boosting-verbs	techQuestions	When is a booster verb a drafting error?	¿Cuándo es un verbo intensificador un error de redacción?
W	tech-answer-c1t-boosting-verbs	techAnswers	When it is doing the work the data have not done. Clearly and obviously in a results line are often a confession of a thin test.	Cuando hace el trabajo que los datos no han hecho. Claramente y evidentemente en una línea de resultados suelen ser la confesión de una prueba flaca.
W	tech-question-c1t-reporting-verbs	techQuestions	How do you choose a reporting verb in a literature paragraph?	¿Cómo elegir un verbo de informe en un párrafo de literatura?
W	tech-answer-c1t-reporting-verbs	techAnswers	Match the verb to what the cited paper actually did: argued, estimated, or observed. Claimed as a default verb is a sneer.	Ajuste el verbo a lo que el artículo citado hizo de verdad: sostuvo, estimó u observó. Pretendió como verbo por defecto es una burla.
W	tech-question-c1t-stance-markers	techQuestions	Where should stance markers sit in a recommendations paragraph?	¿Dónde deben habitar los marcadores de postura en un párrafo de recomendaciones?
W	tech-answer-c1t-stance-markers	techAnswers	On the action, not on the finding you have already caveated. We firmly believe is not a recommendation; the board should is, if the finding can carry it.	En la acción, no en el hallazgo ya reservado. Creemos firmemente no es una recomendación; el consejo debería lo es, si el hallazgo puede cargarla.
W	tech-question-c1t-engagement	techQuestions	How do you engage a sceptical reader without a rhetorical question every paragraph?	¿Cómo comprometer a un lector escéptico sin una pregunta retórica en cada párrafo?
W	tech-answer-c1t-engagement	techAnswers	Concede the best objection in a sentence and answer it. A string of Surely we can all agree will lose the sceptic on page one.	Conceda la mejor objeción en una frase y contéstela. Una sarta de Seguro que todos convenimos perderá al escéptico en la primera página.
W	tech-question-b2t-subject-ask	techQuestions	How should a subject line be written when you need a decision this week?	¿Cómo debe ir el asunto cuando necesita una decisión esta semana?
W	tech-answer-b2t-subject-ask	techAnswers	Put the action and the date in the subject, then keep the body to the ask and one line of context. A vague subject such as update makes the request easy to bury.	Ponga la acción y la fecha en el asunto y deje el cuerpo en la petición más una línea de contexto. Un asunto vago como actualización entierra la solicitud.
W	tech-question-b2t-cc-when	techQuestions	When is it appropriate to copy a manager on an internal email?	¿Cuándo conviene copiar a un responsable en un correo interno?
W	tech-answer-b2t-cc-when	techAnswers	Copy them when they own the decision or must see the risk, and say in the first line why they are copied. Do not copy them as pressure on a colleague who has not yet had a chance to reply.	Cópielo cuando sea dueño de la decisión o deba ver el riesgo, y diga en la primera línea por qué va en copia. No lo copie para presionar a un compañero que aún no ha podido responder.
W	tech-question-b2t-bcc-risk	techQuestions	Why is blind-copying colleagues on a live thread a poor habit?	¿Por qué es mala costumbre poner a compañeros en copia oculta en un hilo vivo?
W	tech-answer-b2t-bcc-risk	techAnswers	The people in the open copy cannot see who else is reading, so they cannot judge the audience. If someone must be informed quietly, send a separate short note instead.	Quienes van en copia abierta no ven quién más lee, así que no pueden juzgar al destinatario. Si hay que informar a alguien en voz baja, envíe una nota breve aparte.
W	tech-question-b2t-reply-all	techQuestions	When should you avoid Reply all on a long thread?	¿Cuándo conviene no responder a todos en un hilo largo?
W	tech-answer-b2t-reply-all	techAnswers	Use it only when every name still needs the next fact or the decision. If your line is for one person, reply to them and offer to update the others yourself.	Úselo solo si cada nombre sigue necesitando el siguiente hecho o la decisión. Si su frase es para una persona, respóndale y ofrézcase a actualizar a los demás.
W	tech-question-b2t-follow-up	techQuestions	How do you chase a reply without sounding as if you are blaming the reader?	¿Cómo se reclama una respuesta sin parecer que se culpa al lector?
W	tech-answer-b2t-follow-up	techAnswers	Open with the original date and the decision you still need, then offer a shorter option if time is tight. Assume they were busy, not that they ignored you.	Abra con la fecha original y la decisión que aún necesita, y ofrezca una opción más breve si aprieta el tiempo. Dé por hecho que estaban ocupados, no que le ignoraron.
W	tech-question-b2t-decline-meeting	techQuestions	How do you decline a meeting and still keep the work moving?	¿Cómo se declina una reunión y se sigue moviendo el trabajo?
W	tech-answer-b2t-decline-meeting	techAnswers	Say you cannot attend, name the person who will cover you, and ask for the decision in writing afterwards. A bare I cannot come leaves the organiser without a path.	Diga que no puede asistir, nombre a quien le cubra y pida la decisión por escrito después. Un no puedo ir deja al organizador sin camino.
W	tech-question-b2t-deadline-extend	techQuestions	How should you ask for a later deadline in a client email?	¿Cómo pedir un plazo más holgado en un correo al cliente?
W	tech-answer-b2t-deadline-extend	techAnswers	State the new date, give one clear reason, and say what will still be delivered on the original day. Do not list every internal problem; the client needs the new promise, not the history.	Digan la fecha nueva, den una razón clara y digan qué se entregará aún el día original. No listen todos los problemas internos; el cliente necesita la promesa nueva, no la historia.
W	tech-question-b2t-ack-request	techQuestions	What should the first reply to a request contain if you cannot finish the work today?	¿Qué debe llevar la primera respuesta a una petición si no puede terminar hoy?
W	tech-answer-b2t-ack-request	techAnswers	Acknowledge the ask, give the date you will come back, and name anything you still need from them. Silence until the work is perfect looks like the request was lost.	Acuse recibo, dé la fecha en que volverá y nombre lo que aún necesita de ellos. El silencio hasta que el trabajo esté perfecto parece que se perdió la petición.
W	tech-question-b2t-escalate-tone	techQuestions	How do you escalate a stuck request without sounding accusatory?	¿Cómo se escala una petición atascada sin tono de acusación?
W	tech-answer-b2t-escalate-tone	techAnswers	Describe what is blocked, since when, and what you have already tried, then ask the manager for a decision. Leave out guesses about who is at fault.	Describa qué está bloqueado, desde cuándo y qué ha intentado ya, y pida una decisión al responsable. Deje fuera las conjeturas sobre la culpa.
W	tech-question-b2t-call-recap	techQuestions	What belongs in a recap email after a call?	¿Qué debe llevar el recuento después de una llamada?
W	tech-answer-b2t-call-recap	techAnswers	Write the decisions, the owners and the dates, then send it the same day while people still remember. Do not paste the whole conversation; that is a transcript, not a recap.	Escriba las decisiones, los responsables y las fechas, y envíelo el mismo día mientras aún se recuerdan. No pegue toda la conversación; eso es una transcripción, no un recuento.
W	tech-question-b2t-attach-or-link	techQuestions	When should you attach a file instead of sending a link?	¿Cuándo adjuntar un archivo en vez de enviar un enlace?
W	tech-answer-b2t-attach-or-link	techAnswers	Attach a short, stable document that the reader must keep, such as a signed form. Use a link when the file will still change or is too large for some inboxes.	Adjunte un documento breve y estable que el lector deba guardar, como un formulario firmado. Use un enlace si el archivo aún cambiará o es demasiado pesado para algunos buzones.
W	tech-question-b2t-senior-tone	techQuestions	How does the tone change when the reader is more senior than you?	¿Cómo cambia el tono si el lector es más senior que usted?
W	tech-answer-b2t-senior-tone	techAnswers	Lead with the decision you need and the option you recommend, then put the detail underneath. Do not open with a long apology for taking their time; that wastes the time you are apologising for.	Empiece por la decisión que necesita y la opción que recomienda, y ponga el detalle debajo. No abra con una disculpa larga por quitarles tiempo; eso malgasta el tiempo del que se disculpa.
W	tech-question-b2t-vendor-tone	techQuestions	What should a first email to a new supplier actually ask for?	¿Qué debe pedir de verdad el primer correo a un proveedor nuevo?
W	tech-answer-b2t-vendor-tone	techAnswers	Ask for one written quote, the validity date and the lead time, and say how you will pay. A vague request for help forces them to guess the scope.	Pida un presupuesto escrito, la fecha de validez y el plazo de entrega, y diga cómo pagarán. Una petición vaga de ayuda les obliga a adivinar el alcance.
W	tech-question-b2t-ooo-message	techQuestions	What should an out-of-office message contain to be useful?	¿Qué debe llevar un aviso de ausencia para ser útil?
W	tech-answer-b2t-ooo-message	techAnswers	Give the dates, who to contact for what, and when you will next read mail. A joke with no named deputy leaves urgent work sitting in your inbox.	Dé las fechas, a quién escribir por cada tema y cuándo volverá a leer el correo. Una broma sin suplente nombrado deja el trabajo urgente en su bandeja.
W	tech-question-b2t-forward-context	techQuestions	How do you forward a long thread without dumping it on someone new?	¿Cómo se reenvía un hilo largo sin volcarlo sobre alguien nuevo?
W	tech-answer-b2t-forward-context	techAnswers	Write three lines at the top: what you need, by when, and what the thread already decided. Then attach or leave the history below so they can check it if they wish.	Escriba tres líneas arriba: qué necesita, para cuándo y qué decidió ya el hilo. Deje el historial debajo para que lo revisen si quieren.
W	tech-question-b2t-ask-decision	techQuestions	How do you ask for a decision in writing so it can be reused later?	¿Cómo pedir una decisión por escrito para poder reutilizarla?
W	tech-answer-b2t-ask-decision	techAnswers	Name the two options, say which one you recommend, and ask them to reply with the chosen option. A loose invitation to share thoughts produces a chat, not a decision.	Nombre las dos opciones, diga cuál recomienda y pida que contesten con la opción elegida. Una invitación suelta a opinar produce una charla, no una decisión.
W	tech-question-b2t-correct-error	techQuestions	How do you correct a figure you sent in an earlier email?	¿Cómo se corrige una cifra enviada en un correo anterior?
W	tech-answer-b2t-correct-error	techAnswers	Open a new message, put Correction and the topic in the subject, and state the wrong figure and the right one in the first lines. Do not hide the change in a late reply at the bottom of the old thread.	Abra un mensaje nuevo, ponga Corrección y el tema en el asunto, y diga la cifra errónea y la correcta en las primeras líneas. No esconda el cambio en una respuesta tardía al final del hilo viejo.
W	tech-question-b2t-introduce-colleague	techQuestions	How should you introduce a colleague by email to a client?	¿Cómo presentar por correo a un compañero ante un cliente?
W	tech-answer-b2t-introduce-colleague	techAnswers	Give their name, their role on this piece of work, and what they will do next. Then step back so the client knows who owns the following messages.	Dé su nombre, su papel en este trozo de trabajo y qué hará a continuación. Luego apártese para que el cliente sepa quién lleva los siguientes mensajes.
W	tech-question-b2t-close-thread	techQuestions	How do you close an email thread once the work is done?	¿Cómo se cierra un hilo cuando el trabajo ya está hecho?
W	tech-answer-b2t-close-thread	techAnswers	Write one short note that the action is complete, attach the final file if needed, and say no further reply is required. Leaving the thread open invites a week of thanks that bury the next request.	Escriba una nota breve de que la acción está hecha, adjunte el archivo final si hace falta y diga que no se requiere respuesta. Dejar el hilo abierto invita una semana de gracias que entierran la siguiente petición.
W	tech-question-b2t-client-status	techQuestions	What belongs in a short status note to a client?	¿Qué debe llevar una nota breve de estado al cliente?
W	tech-answer-b2t-client-status	techAnswers	Give what was delivered, what is next, and any date that has moved, in that order. Do not list every internal ticket; they asked for a picture, not a dump.	Digan lo entregado, lo que sigue y cualquier fecha que se haya movido, en ese orden. No listen cada ticket interno; pidieron un panorama, no un volcado.
W	tech-question-b2t-weekly-structure	techQuestions	How should a weekly status report be structured for people who will not read the whole page?	¿Cómo estructurar un informe semanal para quien no leerá la página entera?
W	tech-answer-b2t-weekly-structure	techAnswers	Open with four lines: on track or not, what shipped, what is blocked, and what you need. Put the longer notes underneath so a hurried reader can stop after the opening.	Abra con cuatro líneas: en plazo o no, lo enviado, lo bloqueado y lo que necesita. Ponga las notas largas debajo para que un lector con prisa pueda parar tras la apertura.
W	tech-question-b2t-rag-status	techQuestions	What should a red, amber or green status actually mean in a report?	¿Qué deben significar de verdad el rojo, el ámbar o el verde en un informe?
W	tech-answer-b2t-rag-status	techAnswers	Green means the promise still holds, amber means a date or scope is at risk, and red means the promise will miss unless something changes. Colour without a sentence is decoration.	Verde: la promesa se sostiene; ámbar: una fecha o el alcance peligran; rojo: la promesa se fallará salvo que algo cambie. El color sin frase es adorno.
W	tech-question-b2t-flag-risk	techQuestions	How do you flag a risk in writing so it can be acted on?	¿Cómo señalar un riesgo por escrito para que se pueda actuar?
W	tech-answer-b2t-flag-risk	techAnswers	Name the event, how likely it is, what it would do to the date, and the next action you want. A vague We should keep an eye on this cannot be owned.	Nombre el suceso, qué tan probable es, qué haría a la fecha y la siguiente acción que quiere. Un Habría que vigilar esto no puede tener dueño.
W	tech-question-b2t-exec-summary	techQuestions	What belongs in an executive summary at the top of a longer report?	¿Qué debe llevar el resumen ejecutivo al inicio de un informe más largo?
W	tech-answer-b2t-exec-summary	techAnswers	Give the conclusion, the one figure that matters, and the decision you need, in half a page or less. The rest of the report exists to support that opening, not to repeat it.	Dé la conclusión, la cifra que importa y la decisión que necesita, en media página o menos. El resto del informe sostiene esa apertura, no la repite.
W	tech-question-b2t-status-omit	techQuestions	What should you leave out of a status report?	¿Qué hay que dejar fuera de un informe de estado?
W	tech-answer-b2t-status-omit	techAnswers	Leave out the full chat history, personal comments about colleagues, and numbers you have not checked. Those belong in a private note or not at all.	Deje fuera el historial entero del chat, los comentarios personales sobre compañeros y las cifras no comprobadas. Eso va en una nota privada o en ningún sitio.
W	tech-question-b2t-report-delay	techQuestions	How do you report a delay without hiding the new date?	¿Cómo informar de un retraso sin esconder la fecha nueva?
W	tech-answer-b2t-report-delay	techAnswers	State the old date, the new date, and the reason in one short paragraph, then say what you will cut or move to protect the rest. Hope that we will catch up is not a plan.	Digan la fecha vieja, la nueva y la razón en un párrafo corto, y digan qué recortarán o moverán para proteger el resto. La esperanza de recuperar no es un plan.
W	tech-question-b2t-report-win	techQuestions	How do you report a result without overselling it?	¿Cómo informar de un resultado sin venderlo de más?
W	tech-answer-b2t-report-win	techAnswers	Say what was delivered, against which target, and what is still open. Superlatives without a number make the next report harder to believe.	Digan lo entregado, frente a qué meta, y qué sigue abierto. Los superlativos sin cifra hacen menos creíble el siguiente informe.
W	tech-question-b2t-actions-vs-notes	techQuestions	Why must action items be separated from discussion notes in minutes?	¿Por qué hay que separar las acciones de las notas de debate en un acta?
W	tech-answer-b2t-actions-vs-notes	techAnswers	Actions need an owner and a date; notes do not. If they sit in the same paragraph, nobody knows what they are expected to do by Friday.	Las acciones necesitan dueño y fecha; las notas, no. Si van en el mismo párrafo, nadie sabe qué se espera de él para el viernes.
W	tech-question-b2t-facts-vs-guess	techQuestions	How do you mark an assumption so it is not read as a fact?	¿Cómo marcar una hipótesis para que no se lea como un hecho?
W	tech-answer-b2t-facts-vs-guess	techAnswers	Write it as an assumption and say what would change if it is wrong. Mixing guesses into the same list as checked figures is how reports go stale.	Escríbala como hipótesis y diga qué cambiaría si es falsa. Mezclar conjeturas en la misma lista que cifras comprobadas es como se quedan viejos los informes.
W	tech-question-b2t-present-numbers	techQuestions	How should numbers be presented in a short workplace report?	¿Cómo presentar cifras en un informe breve de trabajo?
W	tech-answer-b2t-present-numbers	techAnswers	Give the figure, the period it covers, and the comparison you want the reader to make. A bare 12% with no base or date cannot be used.	Dé la cifra, el periodo que cubre y la comparación que quiere que haga el lector. Un 12 % suelto, sin base ni fecha, no se puede usar.
W	tech-question-b2t-week-compare	techQuestions	What is worth comparing in a weekly note besides this week's list?	¿Qué vale la pena comparar en una nota semanal, además de la lista de esta semana?
W	tech-answer-b2t-week-compare	techAnswers	Compare what you promised last week with what actually shipped, then explain the gap in one sentence. A fresh list each week hides slippage.	Compare lo prometido la semana pasada con lo que realmente salió, y explique el hueco en una frase. Una lista nueva cada semana esconde el desliz.
W	tech-question-b2t-incident-note	techQuestions	What should a short incident note say to people who were not in the room?	¿Qué debe decir una nota breve de incidente a quienes no estaban en la sala?
W	tech-answer-b2t-incident-note	techAnswers	Say what users saw, what you did to restore service, and when a fuller write-up will come. Do not speculate about the root cause in the first hour.	Digan qué vieron los usuarios, qué hicieron para restablecer el servicio y cuándo llegará un escrito más completo. No especulen sobre la causa en la primera hora.
W	tech-question-b2t-handover-note	techQuestions	What must a handover note contain if you will be away for a week?	¿Qué debe llevar una nota de traspaso si se ausenta una semana?
W	tech-answer-b2t-handover-note	techAnswers	List live work, who owns each item in your absence, and where the files live. A dump of old folders without owners is not a handover.	Listen el trabajo vivo, quién lleva cada punto en su ausencia y dónde están los archivos. Un volcado de carpetas viejas sin dueños no es un traspaso.
W	tech-question-b2t-sprint-summary	techQuestions	How do you write an end-of-sprint summary for people outside the team?	¿Cómo escribir un resumen de sprint para quien está fuera del equipo?
W	tech-answer-b2t-sprint-summary	techAnswers	Name what users can now do, what slipped and why, and the one risk for next week. Ticket IDs without a sentence mean nothing to a sales or finance reader.	Nombre lo que los usuarios ya pueden hacer, lo que se atrasó y por qué, y el riesgo de la semana que viene. Los números de ticket sin frase no dicen nada a ventas o finanzas.
W	tech-question-b2t-budget-variance	techQuestions	How do you explain a budget variance in a short note to finance?	¿Cómo explicar una desviación de presupuesto en una nota breve a finanzas?
W	tech-answer-b2t-budget-variance	techAnswers	Give the planned figure, the actual figure, and the one cause that moved it, then say whether it will reverse. A list of small excuses reads as if nobody owns the line.	Dé la cifra prevista, la real y la causa que la movió, y diga si se revertirá. Una lista de excusas pequeñas parece que nadie es dueño de la partida.
W	tech-question-b2t-capacity-note	techQuestions	What should a capacity note say when the team cannot take more work this month?	¿Qué debe decir una nota de capacidad si el equipo no puede coger más trabajo este mes?
W	tech-answer-b2t-capacity-note	techAnswers	State the hours already committed, the work you would have to drop, and the earliest date a new request could start. We are busy is not information.	Digan las horas ya comprometidas, el trabajo que habría que soltar y la primera fecha en que podría empezar un encargo nuevo. Estamos liados no es información.
W	tech-question-b2t-dependency-list	techQuestions	How do you write a dependency so another team can act on it?	¿Cómo escribir una dependencia para que otro equipo pueda actuar?
W	tech-answer-b2t-dependency-list	techAnswers	Name the team, the artefact you need, the date you need it, and what stops if it is late. Please keep us posted is not a dependency.	Nombre el equipo, el artefacto que necesita, la fecha y qué se para si llega tarde. Manténgannos al tanto no es una dependencia.
W	tech-question-b2t-blocked-no-blame	techQuestions	How do you write that you are blocked without blaming the other team?	¿Cómo escribir que está bloqueado sin culpar al otro equipo?
W	tech-answer-b2t-blocked-no-blame	techAnswers	Say what you are waiting for, since when, and what you will do the hour it arrives. Leave their motives out of the sentence.	Digan qué esperan, desde cuándo y qué harán la hora en que llegue. Dejen los motivos ajenos fuera de la frase.
W	tech-question-b2t-lessons-short	techQuestions	What belongs in a short lessons-learned note after a messy delivery?	¿Qué debe llevar una nota breve de lecciones tras una entrega difícil?
W	tech-answer-b2t-lessons-short	techAnswers	Name one thing to keep, one thing to change, and who will own the change. A long list of regrets with no owner will not be read twice.	Nombre una cosa que conservar, una que cambiar y quién llevará el cambio. Una lista larga de lamentos sin dueño no se leerá dos veces.
W	tech-question-b2t-monthly-digest	techQuestions	How do you write a monthly digest for stakeholders who only skim?	¿Cómo escribir un resumen mensual para interesados que solo ojean?
W	tech-answer-b2t-monthly-digest	techAnswers	Give three headlines, one figure, and one ask, then link to the longer report. If the digest is as long as the report, they will open neither.	Dé tres titulares, una cifra y una petición, y un enlace al informe largo. Si el resumen es tan largo como el informe, no abrirán ninguno.
W	tech-question-b2t-change-request	techQuestions	Why should extra work go through a change request instead of a chat message?	¿Por qué el trabajo extra debe ir por una petición de cambio y no por un mensaje de chat?
W	tech-answer-b2t-change-request	techAnswers	A change request records the new scope, the cost in time, and who approved it. A chat yes disappears, and the original date is then blamed for a job it never covered.	La petición de cambio deja constancia del nuevo alcance, el coste en tiempo y quién lo aprobó. Un sí en el chat se evapora, y luego se culpa a la fecha original de un trabajo que nunca cubrió.
W	tech-question-b2t-hotfix-why	techQuestions	When is a hotfix the right written request, and when is it panic?	¿Cuándo un correctivo urgente es la petición adecuada, y cuándo es pánico?
W	tech-answer-b2t-hotfix-why	techAnswers	A hotfix is right when users are blocked now and waiting for the next release would cost more than the risk of a small change. It is panic when the note has no rollback and no named tester.	Es adecuada cuando los usuarios están bloqueados ahora y esperar la siguiente versión costaría más que el riesgo de un cambio pequeño. Es pánico si la nota no tiene marcha atrás ni un probador nombrado.
W	tech-question-b2t-rollback-business	techQuestions	What does a rollback mean in a note to people who are not engineers?	¿Qué significa una marcha atrás en una nota para quienes no son ingenieros?
W	tech-answer-b2t-rollback-business	techAnswers	It means we put the previous working version back so users can continue, and we accept that today's new feature will wait. It is not a failure of nerve; it is a choice to protect the service.	Significa que se vuelve a la versión anterior que funcionaba, para que los usuarios sigan, y que la novedad de hoy espera. No es falta de valor; es una elección para proteger el servicio.
W	tech-question-b2t-freeze-scope	techQuestions	How do you explain a scope freeze to a stakeholder who still has ideas?	¿Cómo explicar una congelación de alcance a un interesado que aún tiene ideas?
W	tech-answer-b2t-freeze-scope	techAnswers	Say that new ideas will be written down and dated for the next round, but they will not enter this release. Adding them now would move the date you have already promised elsewhere.	Diga que las ideas nuevas se anotarán y fecharán para la siguiente ronda, pero no entrarán en esta entrega. Añadirlas ahora movería la fecha que ya prometió en otro sitio.
W	tech-question-b2t-uat-signoff	techQuestions	Why do you need written UAT sign-off before calling a release done?	¿Por qué hace falta un visto bueno escrito de las pruebas de usuario antes de dar la entrega por hecha?
W	tech-answer-b2t-uat-signoff	techAnswers	Sign-off records that a named person saw the work in their own environment and accepted it. Without that, a later complaint has no date and no owner on the business side.	El visto bueno deja constancia de que una persona nombrada vio el trabajo en su entorno y lo aceptó. Sin eso, una queja posterior no tiene fecha ni dueño del lado del negocio.
W	tech-question-b2t-definition-done	techQuestions	What should a definition of done contain in a team agreement?	¿Qué debe llevar una definición de hecho en un acuerdo de equipo?
W	tech-answer-b2t-definition-done	techAnswers	It should list the checks that must be true before a piece of work can be called finished, such as review, tests and a note to users. Without it, finished means whatever the author hoped.	Debe listar las comprobaciones que han de ser ciertas antes de dar un trabajo por terminado, como revisión, pruebas y una nota a los usuarios. Sin ella, hecho significa lo que el autor esperaba.
W	tech-question-b2t-acceptance-criteria	techQuestions	Why write acceptance criteria before the work starts?	¿Por qué escribir criterios de aceptación antes de empezar el trabajo?
W	tech-answer-b2t-acceptance-criteria	techAnswers	They tell the person building it and the person checking it what done looks like in the user's words. Criteria written after the fact only describe what happened to be built.	Dicen a quien construye y a quien comprueba cómo se ve lo terminado, en palabras del usuario. Los criterios escritos a toro pasado solo describen lo que casualmente se construyó.
W	tech-question-b2t-stakeholder-map	techQuestions	What is a stakeholder map for in a short project note?	¿Para qué sirve un mapa de interesados en una nota breve de proyecto?
W	tech-answer-b2t-stakeholder-map	techAnswers	It shows who must decide, who must be informed, and who only needs a summary, so you do not copy the whole company. Without it, every update goes to everyone and nobody reads it.	Muestra quién debe decidir, quién debe ser informado y quién solo necesita un resumen, para no copiar a toda la empresa. Sin él, cada actualización va a todos y nadie la lee.
W	tech-question-b2t-timebox-spike	techQuestions	Why time-box a spike and write the limit in the ticket?	¿Por qué acotar en el tiempo una investigación y escribir el tope en el ticket?
W	tech-answer-b2t-timebox-spike	techAnswers	A spike is research, not an open-ended build; the time-box says when you must stop and report what you learned. Without a limit, the research quietly becomes the product.	Es investigación, no una construcción abierta; el tope dice cuándo hay que parar e informar de lo aprendido. Sin límite, la investigación se convierte en silencio en el producto.
W	tech-question-b2t-backlog-refine	techQuestions	What should happen in backlog refinement that does not happen in the planning meeting?	¿Qué debe ocurrir en el refinamiento que no ocurre en la reunión de planificación?
W	tech-answer-b2t-backlog-refine	techAnswers	Refinement clarifies the next items so they can be estimated and split; planning then chooses a realistic set for the coming period. Mixing both in one hour leaves half the items still vague.	El refinamiento aclara los siguientes elementos para poder estimarlos y partirlos; la planificación elige luego un conjunto realista para el periodo. Mezclar ambos en una hora deja la mitad de los elementos aún vagos.
W	tech-question-b2t-split-ticket	techQuestions	When should a ticket be split, and how do you write that?	¿Cuándo hay que partir un ticket, y cómo se escribe?
W	tech-answer-b2t-split-ticket	techAnswers	Split it when two people could finish the parts on different days, and write a sentence on each new ticket saying what done looks like. A ticket that lists five unrelated asks will slip and nobody will know which part failed.	Pártalo cuando dos personas podrían terminar las partes en días distintos, y escriba en cada ticket nuevo una frase de cómo se ve lo hecho. Un ticket con cinco peticiones sin relación se atrasará y nadie sabrá qué parte falló.
W	tech-question-b2t-service-window	techQuestions	What should a maintenance-window announcement tell users?	¿Qué debe decir un aviso de ventana de mantenimiento a los usuarios?
W	tech-answer-b2t-service-window	techAnswers	Give the start and end in their time zone, what will not work, and what they should do if they are still in the system. A We may have some downtime tonight is not enough to plan around.	Dé el inicio y el fin en su huso, qué no funcionará y qué deben hacer si siguen dentro del sistema. Un Puede que haya una caída esta noche no basta para organizarse.
W	tech-question-b2t-rollback-plan	techQuestions	Why must a release note name the rollback plan, not only the new features?	¿Por qué una nota de versión debe nombrar el plan de marcha atrás, y no solo las novedades?
W	tech-answer-b2t-rollback-plan	techAnswers	If the release fails, the person on call needs a written path back, not a search through chat. Features without a rollback are a one-way door.	Si la versión falla, quien está de guardia necesita un camino escrito, no una búsqueda en el chat. Las novedades sin marcha atrás son una puerta de un solo sentido.
W	tech-question-b2t-sla-practice	techQuestions	What does an SLA mean in a status note when a ticket is late?	¿Qué significa un ANS en una nota de estado cuando un ticket llega tarde?
W	tech-answer-b2t-sla-practice	techAnswers	It means the promised response or restore time has been missed, so the note should say by how much and what you are doing now. Quoting the SLA without the actual times is theatre.	Significa que se ha incumplido el tiempo prometido de respuesta o restablecimiento, así que la nota debe decir por cuánto y qué está haciendo ahora. Citar el ANS sin las horas reales es teatro.
W	tech-question-b2t-access-log	techQuestions	Why should an access request be written and logged, not granted in a corridor?	¿Por qué una petición de acceso debe escribirse y registrarse, y no concederse en un pasillo?
W	tech-answer-b2t-access-log	techAnswers	A written request names the person, the system and the reason, so access can be removed later. A corridor yes leaves an account open after the project ends.	La petición escrita nombra a la persona, el sistema y el motivo, para poder quitar el acceso después. Un sí de pasillo deja una cuenta abierta cuando el proyecto acaba.
W	tech-question-b2t-retention-note	techQuestions	What should a short data-retention note tell a team that keeps files too long?	¿Qué debe decir una nota breve de conservación a un equipo que guarda los archivos demasiado tiempo?
W	tech-answer-b2t-retention-note	techAnswers	Say how long each class of file may be kept and where to put it when the period ends. Keeping everything just in case is not a retention policy.	Digan cuánto puede guardarse cada clase de archivo y adónde va cuando acaba el plazo. Guardarlo todo por si acaso no es una política de conservación.
W	tech-question-b2t-anonymise-shot	techQuestions	Why should a screenshot in a report be anonymised before it is circulated?	¿Por qué anonimizar una captura en un informe antes de circularla?
W	tech-answer-b2t-anonymise-shot	techAnswers	Names, account numbers and client data in a picture travel farther than the email you meant to send. A redacted image still shows the problem and does not leak the file.	Nombres, números de cuenta y datos de cliente en una imagen viajan más lejos que el correo que pensaba enviar. Una imagen tachada sigue mostrando el problema y no filtra el expediente.
W	tech-question-b2t-vendor-questions	techQuestions	What should you ask a vendor in writing before you accept their tool?	¿Qué pedir por escrito a un proveedor antes de aceptar su herramienta?
W	tech-answer-b2t-vendor-questions	techAnswers	Ask where the data will live, who can see it, and how you get it back if the contract ends. A sales slide is not an answer to those three points.	Pregunte dónde vivirán los datos, quién puede verlos y cómo los recupera si acaba el contrato. Una diapositiva comercial no responde a esos tres puntos.
W	tech-question-b2t-written-quote	techQuestions	Why insist on a written quote instead of a price said on a call?	¿Por qué insistir en un presupuesto escrito y no en un precio dicho por teléfono?
W	tech-answer-b2t-written-quote	techAnswers	A written quote names the scope, the price and how long it holds, so purchasing can compare it. A number in a call will be remembered differently by each side.	El presupuesto escrito nombra el alcance, el precio y cuánto dura, para que compras pueda compararlo. Un número en una llamada lo recordará cada lado de una manera distinta.
W	tech-question-b2t-kickoff-agenda	techQuestions	What should a kickoff agenda cover so the first meeting is not a tour of slides?	¿Qué debe cubrir la agenda de un arranque para que la primera reunión no sea un tour de diapositivas?
W	tech-answer-b2t-kickoff-agenda	techAnswers	Cover the aim, the dates, who decides what, and the first three risks, then stop. Introductions can wait until those four are written on the board.	Cubran el objetivo, las fechas, quién decide qué y los tres primeros riesgos, y paren. Las presentaciones pueden esperar a que esos cuatro puntos estén en la pizarra.
W	tech-question-b2t-record-decisions	techQuestions	Why write decisions down in a log instead of trusting the meeting?	¿Por qué apuntar las decisiones en un registro en vez de fiarse de la reunión?
W	tech-answer-b2t-record-decisions	techAnswers	A log gives the wording, the date and who was in the room, so a later argument has a source. Memory of the same meeting splits within a week.	El registro da el texto, la fecha y quién estaba en la sala, así que un debate posterior tiene fuente. El recuerdo de la misma reunión se parte en una semana.
W	tech-question-b2t-raci-use	techQuestions	What is a RACI table for in a project note?	¿Para qué sirve una tabla RACI en una nota de proyecto?
W	tech-answer-b2t-raci-use	techAnswers	It says who is Responsible, who is Accountable, who is Consulted and who is Informed, so two people do not both think they own the same task. Use it when handovers keep failing, not as decoration on page one.	Dice quién es Responsible, quién Accountable, quién Consulted y quién Informed, para que dos personas no crean ambas que llevan la misma tarea. Úsela cuando fallan los traspasos, no como adorno en la primera página.
W	tech-question-b2t-single-owner	techQuestions	Why must every action in a report have a single owner?	¿Por qué cada acción de un informe debe tener un solo dueño?
W	tech-answer-b2t-single-owner	techAnswers	One name can be asked on Friday; a list of names will each assume someone else has it. Shared ownership in writing is usually no ownership.	A un nombre se le puede preguntar el viernes; una lista de nombres supondrá cada uno que lo lleva otro. La titularidad compartida por escrito suele ser ninguna.
W	tech-question-b2t-go-nogo	techQuestions	What should a go or no-go meeting decide, and what should the note record?	¿Qué debe decidir una reunión de sí o no, y qué debe recoger la nota?
W	tech-answer-b2t-go-nogo	techAnswers	It should decide whether the release proceeds, on which evidence, and who said go. The note must record the evidence, not only the word go.	Debe decidir si la entrega sigue, sobre qué pruebas y quién dijo que sí. La nota debe recoger las pruebas, no solo la palabra sí.
W	tech-question-b2t-change-log	techQuestions	Why keep a change log that a new colleague can read in ten minutes?	¿Por qué llevar un registro de cambios que un compañero nuevo pueda leer en diez minutos?
W	tech-answer-b2t-change-log	techAnswers	It shows what changed, when, and why, so they do not reverse a fix they do not know about. A folder of old emails is not a change log.	Muestra qué cambió, cuándo y por qué, para que no deshaga un arreglo que no conoce. Una carpeta de correos viejos no es un registro de cambios.
W	tech-question-b2t-release-notes	techQuestions	What should user-facing release notes include, and what should they leave out?	¿Qué deben incluir las notas de versión para usuarios, y qué deben dejar fuera?
W	tech-answer-b2t-release-notes	techAnswers	Include what users can now do and what they must do differently; leave out ticket numbers and internal jokes. Users are not a second stand-up.	Incluyan lo que los usuarios ya pueden hacer y lo que deben hacer de otro modo; dejen fuera números de ticket y bromas internas. Los usuarios no son un segundo stand-up.
W	tech-question-b2t-no-passwords	techQuestions	Why must you never put a password in an email, even internally?	¿Por qué no poner nunca una contraseña en un correo, ni siquiera interno?
W	tech-answer-b2t-no-passwords	techAnswers	Email is copied, forwarded and stored, so a password in the body outlives the thread. Send a reset link or use the approved vault and say so in the message.	El correo se copia, se reenvía y se guarda, así que una contraseña en el cuerpo sobrevive al hilo. Envíe un enlace de restablecimiento o use la caja aprobada y dígalo en el mensaje.
W	tech-question-b2t-shared-inbox	techQuestions	What is a shared inbox for, and how should you write when you use one?	¿Para qué sirve un buzón compartido, y cómo escribir cuando se usa?
W	tech-answer-b2t-shared-inbox	techAnswers	It is for a role, not a person, so the subject should name the ticket or the client. A Hi, it's me again assumes the next reader was on the last message.	Sirve a un rol, no a una persona, así que el asunto debe nombrar el ticket o el cliente. Un Hola, soy yo otra vez supone que el siguiente lector estaba en el mensaje anterior.
W	tech-question-b2t-ticket-in-subject	techQuestions	Why put the ticket number in the subject of every related email?	¿Por qué poner el número de ticket en el asunto de cada correo relacionado?
W	tech-answer-b2t-ticket-in-subject	techAnswers	It lets people search and file the thread against the same item. A new subject for each reply splits the history.	Permite buscar y archivar el hilo contra el mismo elemento. Un asunto nuevo en cada respuesta parte el historial.
W	tech-question-b2t-briefing-pack	techQuestions	What should a briefing pack for a senior meeting contain?	¿Qué debe llevar un dosier de briefing para una reunión senior?
W	tech-answer-b2t-briefing-pack	techAnswers	A two-page pack with the ask, the options, the numbers and the risk is enough. A forty-slide deck sent the night before will not be read.	Basta un dosier de dos páginas con la petición, las opciones, las cifras y el riesgo. Una presentación de cuarenta diapositivas enviada la noche anterior no se leerá.
W	tech-question-b2t-preread	techQuestions	Why send a pre-read, and how short should it be?	¿Por qué enviar una lectura previa, y de qué extensión?
W	tech-answer-b2t-preread	techAnswers	Send it so the meeting can start on the decision, not on the story; two pages the day before is enough. A pre-read that arrives as the meeting starts is just an attachment.	Envíela para que la reunión empiece en la decisión, no en el relato; bastan dos páginas el día anterior. Una lectura que llega al empezar la reunión es solo un adjunto.
W	tech-question-b2t-minutes-capture	techQuestions	What must formal minutes capture that informal notes can skip?	¿Qué deben recoger unas actas formales que unas notas informales pueden saltarse?
W	tech-answer-b2t-minutes-capture	techAnswers	They must capture attendance, decisions, actions and any dissent that was asked to be recorded. Colourful quotes of the argument can stay in personal notes.	Deben recoger asistencia, decisiones, acciones y cualquier disentimiento que se pidió constatar. Las citas coloridas del debate pueden quedarse en notas personales.
W	tech-question-b2t-minutes-same-day	techQuestions	Why circulate minutes the same day rather than the following week?	¿Por qué circular el acta el mismo día y no la semana siguiente?
W	tech-answer-b2t-minutes-same-day	techAnswers	People still remember what they agreed, so corrections come quickly. A week later the minutes become a new negotiation.	La gente aún recuerda lo acordado, así que las correcciones llegan pronto. Una semana después el acta se vuelve una negociación nueva.
W	tech-question-b2t-parking-lot	techQuestions	What is a parking-lot item in minutes, and how do you write it?	¿Qué es un punto aparcado en un acta, y cómo se escribe?
W	tech-answer-b2t-parking-lot	techAnswers	It is a point parked for another meeting, with an owner and a date to reopen it. Writing it as later with no name means it will die in the file.	Es un punto aplazado a otra reunión, con dueño y fecha para reabrirlo. Escribirlo como más adelante sin nombre es dejarlo morir en el archivo.
W	tech-question-b2t-close-old-tickets	techQuestions	Why close old tickets in writing instead of leaving them open just in case?	¿Por qué cerrar por escrito los tickets viejos en vez de dejarlos abiertos por si acaso?
W	tech-answer-b2t-close-old-tickets	techAnswers	An open ticket without a next action inflates the count and hides the live work. Close it with a sentence on why, and open a new one if the need returns.	Un ticket abierto sin siguiente acción infla el recuento y esconde el trabajo vivo. Ciérrelo con una frase del porqué, y abra uno nuevo si vuelve la necesidad.
W	tech-question-b2t-workaround-note	techQuestions	What should a workaround note tell the next person who hits the same problem?	¿Qué debe decir una nota de apaño a la siguiente persona que dé con el mismo problema?
W	tech-answer-b2t-workaround-note	techAnswers	Say what fails, what to do instead, and when the proper fix is due. A screenshot with no steps wastes the next person's morning.	Digan qué falla, qué hacer en su lugar y cuándo toca el arreglo de verdad. Una captura sin pasos malgasta la mañana del siguiente.
W	tech-question-b2t-ask-screenshot	techQuestions	How do you ask a user for a screenshot without making them feel blamed?	¿Cómo pedir una captura a un usuario sin que se sienta culpable?
W	tech-answer-b2t-ask-screenshot	techAnswers	Ask for the screen they see and the time, and say you need it to reproduce the fault. Thank them for the extra step; they did not cause the ticket by writing in.	Pida la pantalla que ve y la hora, y diga que la necesita para reproducir el fallo. Agradézcale el paso extra; no causó el ticket por escribir.
W	tech-question-b2t-repro-steps	techQuestions	What makes a reproduction step useful in a written report?	¿Qué hace útil un paso de reproducción en un informe escrito?
W	tech-answer-b2t-repro-steps	techAnswers	Each step should be an action a stranger can follow, ending with what they should see. Start from here and click around is not a step.	Cada paso debe ser una acción que un desconocido pueda seguir, y acabar en lo que debe ver. Empieza aquí y pulsa un poco no es un paso.
W	tech-question-b2t-severity-priority	techQuestions	How do you explain the difference between severity and priority in a ticket note?	¿Cómo explicar en una nota de ticket la diferencia entre gravedad y prioridad?
W	tech-answer-b2t-severity-priority	techAnswers	Severity is how bad the impact is; priority is how soon you will work on it. A severe but rare fault can wait behind a milder one that blocks many users today.	La gravedad es lo malo del impacto; la prioridad es cuán pronto lo trabajarán. Un fallo grave pero raro puede esperar detrás de uno más leve que hoy bloquea a muchos usuarios.
W	tech-question-b2t-known-issues	techQuestions	What should a known-issue register contain so support can answer users?	¿Qué debe llevar un registro de incidencias conocidas para que soporte pueda responder?